1,2021-07-09 00:00:00,2020-12-21 00:00:00,43.00,Sorrel - Fresh,Cosette,1,"",""
2,2021-08-17 00:00:00,2021-06-17 00:00:00,20.00,Wine - Pinot Noir Mondavi Coastal,Ethe,8,"",""
3,2021-08-09 00:00:00,2020-11-12 00:00:00,25.00,Flour - Whole Wheat,Nessie,3,"",""
4,2020-09-30 00:00:00,2021-09-11 00:00:00,57.00,"Nut - Almond, Blanched, Whole",Arabella,2,"",""
5,2021-07-20 00:00:00,2020-10-13 00:00:00,100.00,Wine - Zinfandel California 2002,Suzy,11,"",""
6,2020-12-23 00:00:00,2021-08-31 00:00:00,1.00,Tea - Herbal Orange Spice,Keane,6,"",""
7,2020-12-27 00:00:00,2021-02-12 00:00:00,4.00,Beef - Tender Tips,Ariadne,8,"",""
8,2021-07-05 00:00:00,2020-12-28 00:00:00,1.00,Pepper - Red Bell,Colver,9,"",""
9,2020-12-09 00:00:00,2020-12-26 00:00:00,91.00,"Lemonade - Natural, 591 Ml",Inigo,11,"",""
10,2020-10-20 00:00:00,2021-06-06 00:00:00,1.00,Wine La Vielle Ferme Cote Du,Valli,4,"",""
11,2021-06-10 00:00:00,2021-04-07 00:00:00,7.00,Banana - Green,Aila,9,"",""
12,2021-04-09 00:00:00,2021-09-13 00:00:00,59.00,Bagel - Sesame Seed Presliced,Barty,10,"",""
13,2020-10-02 00:00:00,2021-07-12 00:00:00,38.00,Bread Ww Cluster,Elwira,2,"",""
14,2020-10-16 00:00:00,2021-01-23 00:00:00,46.00,"Tarragon - Primerba, Paste",Hedwiga,11,"",""
15,2020-11-16 00:00:00,2021-05-22 00:00:00,80.00,Ecolab - Balanced Fusion,Carolynn,7,"",""
16,2021-01-09 00:00:00,2021-01-28 00:00:00,83.00,"Lamb - Leg, Boneless",Denice,9,"",""
17,2021-04-23 00:00:00,2021-03-17 00:00:00,9.00,"Beef - Tongue, Fresh",Hesther,5,"",""
18,2021-07-05 00:00:00,2020-09-24 00:00:00,8.00,"Soup - Knorr, French Onion",Jacintha,5,"",""
19,2020-11-13 00:00:00,2021-03-24 00:00:00,71.00,Beef - Top Butt Aaa,Judi,2,"",""
20,2020-12-13 00:00:00,2021-05-29 00:00:00,64.00,Tea - Grapefruit Green Tea,Cris,3,"",""
21,2021-01-23 00:00:00,2020-10-24 00:00:00,51.00,Bread - Ciabatta Buns,Giorgi,11,"",""
22,2021-06-10 00:00:00,2021-08-24 00:00:00,46.00,Kale - Red,Amy,1,"",""
23,2021-05-03 00:00:00,2020-12-22 00:00:00,59.00,"Oranges - Navel, 72",Harland,4,"",""
24,2020-12-07 00:00:00,2021-04-15 00:00:00,40.00,Chocolate - White,Alina,4,"",""
25,2021-02-13 00:00:00,2021-04-06 00:00:00,77.00,"Vinegar - Balsamic, White",Isa,10,"",""
26,2021-02-04 00:00:00,2021-04-16 00:00:00,1.00,Graham Cracker Mix,Ruddie,4,"",""
27,2020-09-26 00:00:00,2021-04-19 00:00:00,94.00,Wine - Semi Dry Riesling Vineland,Melisa,10,"",""
28,2021-07-06 00:00:00,2020-11-18 00:00:00,41.00,Beef - Prime Rib Aaa,Lannie,4,"",""
29,2021-08-13 00:00:00,2020-12-21 00:00:00,2.00,Wild Boar - Tenderloin,Samuele,1,"",""
30,2021-01-18 00:00:00,2020-10-07 00:00:00,73.00,"Vodka - Hot, Lnferno",Maryjo,2,"",""
31,2021-01-17 00:00:00,2021-08-31 00:00:00,72.00,Table Cloth 53x53 White,Zackariah,8,"",""
32,2021-01-13 00:00:00,2021-04-20 00:00:00,80.00,Onions - Spanish,Alvis,10,"",""
33,2020-09-25 00:00:00,2020-12-19 00:00:00,47.00,Broccoli - Fresh,Bud,3,"",""
34,2021-06-25 00:00:00,2021-01-21 00:00:00,50.00,Table Cloth 62x120 White,Faustina,9,"",""
35,2020-12-05 00:00:00,2021-08-20 00:00:00,62.00,Garlic - Peeled,Nani,3,"",""
36,2021-02-12 00:00:00,2020-09-17 00:00:00,56.00,Raspberries - Frozen,Glad,7,"",""
37,2021-01-15 00:00:00,2020-11-20 00:00:00,95.00,Scallops - 20/30,Eudora,3,"",""
38,2021-03-13 00:00:00,2021-09-02 00:00:00,26.00,Stock - Fish,Terza,5,"",""
39,2021-01-22 00:00:00,2021-03-09 00:00:00,50.00,Remy Red,Godard,5,"",""
40,2021-01-09 00:00:00,2020-11-20 00:00:00,91.00,Pork Ham Prager,Allsun,8,"",""
41,2020-12-02 00:00:00,2021-08-25 00:00:00,84.00,Wine - Magnotta - Pinot Gris Sr,Daryl,5,"",""
42,2021-06-01 00:00:00,2020-09-16 00:00:00,28.00,Turnip - White,Velma,1,"",""
43,2020-12-22 00:00:00,2021-02-24 00:00:00,13.00,Sweet Pea Sprouts,Johann,9,"",""
44,2020-10-10 00:00:00,2021-04-24 00:00:00,54.00,Island Oasis - Raspberry,Herold,9,"",""
45,2020-11-13 00:00:00,2020-12-17 00:00:00,29.00,Soup Campbells - Tomato Bisque,Dodie,8,"",""
46,2021-05-03 00:00:00,2021-05-30 00:00:00,56.00,Cheese - Swiss Sliced,Carlie,10,"",""
47,2021-09-07 00:00:00,2021-04-01 00:00:00,74.00,Crab Meat Claw Pasteurise,Editha,5,"",""
48,2020-11-01 00:00:00,2020-12-10 00:00:00,54.00,Steam Pan - Half Size Deep,Oby,5,"",""
49,2020-12-06 00:00:00,2020-11-21 00:00:00,86.00,Thyme - Dried,Timmy,11,"",""
50,2021-03-08 00:00:00,2021-01-22 00:00:00,30.00,Food Colouring - Pink,Baily,4,"",""
51,2021-07-16 00:00:00,2021-01-10 00:00:00,27.00,Pasta - Canelloni,Monah,9,"",""
52,2021-06-15 00:00:00,2021-02-25 00:00:00,88.00,Tuna - Bluefin,Libbie,1,"",""
53,2021-01-18 00:00:00,2021-08-11 00:00:00,58.00,"Salmon - Whole, 4 - 6 Pounds",Vaclav,8,"",""
54,2020-12-27 00:00:00,2021-04-30 00:00:00,73.00,Oven Mitts 17 Inch,Lucho,7,"",""
55,2020-12-28 00:00:00,2020-12-21 00:00:00,53.00,Pear - Halves,Gav,8,"",""
56,2021-08-14 00:00:00,2021-06-25 00:00:00,90.00,"Tart Shells - Sweet, 2",Herve,7,"",""
57,2021-09-01 00:00:00,2021-04-14 00:00:00,84.00,Snapple Raspberry Tea,Avigdor,1,"",""
58,2021-03-01 00:00:00,2021-06-02 00:00:00,53.00,Veal - Inside,Cybil,6,"",""
59,2021-02-10 00:00:00,2021-06-02 00:00:00,90.00,Vinegar - Tarragon,Idelle,4,"",""
60,2020-09-30 00:00:00,2021-05-27 00:00:00,58.00,"Marjoram - Dried, Rubbed",Derril,3,"",""
61,2020-12-25 00:00:00,2021-03-27 00:00:00,88.00,Beef - Sushi Flat Iron Steak,Richie,11,"",""
62,2021-08-04 00:00:00,2020-10-31 00:00:00,60.00,Bread - Calabrese Baguette,Carmita,2,"",""
63,2020-11-20 00:00:00,2020-10-01 00:00:00,93.00,Nougat - Paste / Cream,Else,8,"",""
64,2020-11-21 00:00:00,2021-04-15 00:00:00,42.00,Muffin Mix - Chocolate Chip,Daphna,3,"",""
65,2021-03-29 00:00:00,2020-11-25 00:00:00,77.00,Goldschalger,Brandie,10,"",""
66,2021-01-06 00:00:00,2020-12-31 00:00:00,77.00,Ice Cream - Turtles Stick Bar,Priscella,8,"",""
67,2021-09-07 00:00:00,2021-06-05 00:00:00,96.00,The Pop Shoppe - Cream Soda,Cornall,11,"",""
68,2021-09-14 00:00:00,2020-11-20 00:00:00,73.00,Cake - Dulce De Leche,Raye,7,"",""
69,2020-10-22 00:00:00,2021-02-07 00:00:00,72.00,Wine - Sogrape Mateus Rose,Warden,2,"",""
70,2021-05-12 00:00:00,2021-01-07 00:00:00,70.00,Dates,Rriocard,10,"",""
71,2021-06-09 00:00:00,2021-08-26 00:00:00,48.00,Egg - Salad Premix,Mauricio,1,"",""
72,2021-03-01 00:00:00,2021-04-23 00:00:00,20.00,"Ice - Clear, 300 Lb For Carving",Emelen,6,"",""
73,2021-02-28 00:00:00,2021-03-11 00:00:00,59.00,Tart - Raisin And Pecan,Ailis,7,"",""
74,2021-04-16 00:00:00,2021-09-12 00:00:00,1.00,Gatorade - Xfactor Berry,Reinhard,3,"",""
75,2020-10-11 00:00:00,2021-02-28 00:00:00,28.00,Muffin Mix - Corn Harvest,Gregoor,7,"",""
76,2021-02-24 00:00:00,2021-09-01 00:00:00,78.00,"Brandy - Orange, Mc Guiness",Ole,3,"",""
77,2021-05-31 00:00:00,2020-10-27 00:00:00,82.00,Food Colouring - Pink,Lynea,5,"",""
78,2021-06-17 00:00:00,2021-02-01 00:00:00,12.00,Coffee - Hazelnut Cream,Ferdinand,2,"",""
79,2021-09-12 00:00:00,2020-09-25 00:00:00,86.00,Bar Bran Honey Nut,Gregoire,9,"",""
80,2021-03-04 00:00:00,2020-11-28 00:00:00,93.00,Tea - Grapefruit Green Tea,Lorrie,3,"",""
81,2021-03-24 00:00:00,2020-11-20 00:00:00,29.00,"Bread - Sticks, Thin, Plain",Brendin,9,"",""
82,2021-02-15 00:00:00,2021-05-20 00:00:00,57.00,"Sugar - Brown, Individual",Quincey,3,"",""
83,2021-04-14 00:00:00,2020-11-11 00:00:00,41.00,Papadam,Casandra,10,"",""
84,2021-02-19 00:00:00,2021-07-04 00:00:00,90.00,Lentils - Green Le Puy,Bogey,9,"",""
85,2021-06-22 00:00:00,2021-04-04 00:00:00,13.00,Bacardi Mojito,Alonso,4,"",""
86,2021-07-22 00:00:00,2021-06-09 00:00:00,46.00,"Tabasco Sauce, 2 Oz",Ernaline,11,"",""
87,2021-04-05 00:00:00,2020-10-08 00:00:00,22.00,Tomatoes - Heirloom,Kristofor,1,"",""
88,2021-03-15 00:00:00,2020-11-21 00:00:00,100.00,Breadfruit,Nollie,4,"",""
89,2020-09-20 00:00:00,2020-10-25 00:00:00,58.00,Pie Shell - 9,Devan,6,"",""
90,2021-03-12 00:00:00,2021-08-14 00:00:00,91.00,"Bread - Roll, Soft White Round",Jamil,5,"",""
91,2021-03-11 00:00:00,2021-05-13 00:00:00,98.00,Juice - Lemon,Berkley,9,"",""
92,2021-07-03 00:00:00,2021-05-18 00:00:00,26.00,Sauce - Mint,Charmain,8,"",""
93,2021-07-10 00:00:00,2021-03-21 00:00:00,82.00,Broom And Broom Rack White,Mellie,11,"",""
94,2021-02-03 00:00:00,2021-03-13 00:00:00,56.00,Veal - Liver,Marci,10,"",""
95,2020-12-12 00:00:00,2021-09-10 00:00:00,11.00,Phyllo Dough,Shoshana,6,"",""
96,2021-09-05 00:00:00,2021-06-03 00:00:00,14.00,Flower - Carnations,Evin,8,"",""
97,2021-01-01 00:00:00,2020-11-15 00:00:00,62.00,Anchovy Paste - 56 G Tube,Pryce,11,"",""
98,2021-01-09 00:00:00,2021-04-12 00:00:00,36.00,Sauce - Thousand Island,Cal,7,"",""
99,2020-11-03 00:00:00,2021-08-16 00:00:00,1.00,Pate - Cognac,Vitoria,2,"",""
100,2021-04-19 00:00:00,2021-04-18 00:00:00,66.00,Yoghurt Tubes,Loraine,2,"",""
101,2021-01-19 00:00:00,2021-08-03 00:00:00,71.00,Scallops 60/80 Iqf,Gertrudis,1,"",""
102,2020-12-18 00:00:00,2021-04-13 00:00:00,20.00,Gatorade - Xfactor Berry,Johannah,8,"",""
103,2021-02-12 00:00:00,2021-01-01 00:00:00,19.00,Sauce - Soy Low Sodium - 3.87l,Karoly,6,"",""
104,2020-10-25 00:00:00,2021-01-09 00:00:00,88.00,Container - Clear 16 Oz,Boniface,7,"",""
105,2020-12-09 00:00:00,2021-04-07 00:00:00,96.00,Cookie Dough - Oatmeal Rasin,Kata,3,"",""
106,2021-04-05 00:00:00,2021-04-08 00:00:00,88.00,"Tray - Foam, Square 4 - S",Anne-corinne,6,"",""
107,2020-10-02 00:00:00,2021-03-13 00:00:00,26.00,Soup Campbells - Tomato Bisque,Suzy,10,"",""
108,2021-03-27 00:00:00,2021-05-08 00:00:00,77.00,Sambuca - Ramazzotti,Mikaela,9,"",""
109,2020-11-14 00:00:00,2021-06-27 00:00:00,96.00,"Beef - Rib Roast, Cap On",Fremont,2,"",""
110,2021-06-10 00:00:00,2021-07-04 00:00:00,37.00,"Juice - Apple, 500 Ml",Dorothea,4,"",""
111,2021-06-28 00:00:00,2020-12-16 00:00:00,66.00,Shrimp - Black Tiger 13/15,Dorris,3,"",""
112,2020-10-09 00:00:00,2021-01-05 00:00:00,89.00,Plate Foam Laminated 9in Blk,Claudetta,2,"",""
113,2021-07-17 00:00:00,2020-10-15 00:00:00,22.00,"Pepper - Red, Finger Hot",Artemis,1,"",""
114,2021-02-20 00:00:00,2021-07-03 00:00:00,47.00,Duck - Breast,Blithe,8,"",""
115,2021-08-17 00:00:00,2020-10-01 00:00:00,84.00,"Nut - Hazelnut, Ground, Natural",Brigit,6,"",""
116,2020-11-20 00:00:00,2021-06-14 00:00:00,29.00,Juice - Orange 1.89l,Rhody,4,"",""
117,2021-08-20 00:00:00,2021-03-18 00:00:00,90.00,Pepper - Gypsy Pepper,Murdock,1,"",""
118,2020-12-21 00:00:00,2021-02-02 00:00:00,74.00,Langers - Mango Nectar,Cecilius,6,"",""
119,2021-04-24 00:00:00,2021-07-17 00:00:00,5.00,"Wine - White, Ej",Merle,2,"",""
120,2021-03-20 00:00:00,2021-05-31 00:00:00,30.00,Lemonade - Pineapple Passion,Devi,4,"",""
121,2020-10-14 00:00:00,2020-11-04 00:00:00,50.00,Wine - Sawmill Creek Autumn,Koo,1,"",""
122,2021-07-07 00:00:00,2021-09-14 00:00:00,5.00,Steam Pan Full Lid,Horatia,5,"",""
123,2020-10-11 00:00:00,2020-12-14 00:00:00,93.00,"Pasta - Gnocchi, Potato",Dunc,1,"",""
124,2021-02-01 00:00:00,2021-06-28 00:00:00,1.00,Langers - Ruby Red Grapfruit,Clark,8,"",""
125,2021-09-06 00:00:00,2021-05-06 00:00:00,37.00,Lettuce - Escarole,Edgardo,6,"",""
126,2021-01-24 00:00:00,2021-02-04 00:00:00,19.00,Pepper - Green,Prisca,6,"",""
127,2021-07-16 00:00:00,2021-08-06 00:00:00,94.00,Butcher Twine 4r,Leonard,11,"",""
128,2020-12-22 00:00:00,2020-10-30 00:00:00,90.00,Pear - Halves,Inesita,4,"",""
129,2021-08-13 00:00:00,2021-08-19 00:00:00,40.00,Sprouts - Corn,Krissy,9,"",""
130,2021-07-02 00:00:00,2020-09-28 00:00:00,56.00,Beer - Labatt Blue,Jacklyn,10,"",""
131,2020-10-17 00:00:00,2020-12-25 00:00:00,56.00,"Wine - Red, Lurton Merlot De",Sorcha,10,"",""
132,2020-12-23 00:00:00,2020-10-27 00:00:00,45.00,Cheese - Brie,Annie,9,"",""
133,2020-12-22 00:00:00,2020-09-30 00:00:00,31.00,Wooden Mop Handle,Chandra,5,"",""
134,2020-12-18 00:00:00,2021-01-06 00:00:00,99.00,Scallop - St. Jaques,Meade,6,"",""
135,2021-05-30 00:00:00,2021-02-12 00:00:00,5.00,Sambuca - Opal Nera,Smitty,6,"",""
136,2021-03-22 00:00:00,2020-10-04 00:00:00,48.00,"Beef - Ground, Extra Lean, Fresh",Olwen,9,"",""
137,2020-10-30 00:00:00,2021-02-28 00:00:00,19.00,Spic And Span All Purpose,Bethanne,5,"",""
138,2021-09-02 00:00:00,2020-10-02 00:00:00,6.00,Shrimp - Black Tiger 16/20,Cazzie,8,"",""
139,2021-06-29 00:00:00,2021-03-02 00:00:00,74.00,Teriyaki Sauce,Job,5,"",""
140,2021-02-22 00:00:00,2020-10-26 00:00:00,68.00,Pie Shell - 5,Shepherd,8,"",""
141,2021-01-23 00:00:00,2021-01-01 00:00:00,37.00,Cheese - Swiss Sliced,Revkah,5,"",""
142,2020-10-02 00:00:00,2021-05-12 00:00:00,4.00,Shrimp - 150 - 250,Freemon,11,"",""
143,2021-04-18 00:00:00,2021-01-06 00:00:00,100.00,"Pasta - Orzo, Dry",Shela,5,"",""
144,2021-03-18 00:00:00,2020-11-03 00:00:00,97.00,"Oranges - Navel, 72",Felipa,3,"",""
145,2020-12-03 00:00:00,2021-01-01 00:00:00,4.00,Rice - Jasmine Sented,Ransell,11,"",""
146,2021-02-11 00:00:00,2021-05-11 00:00:00,97.00,Lettuce Romaine Chopped,Wilmer,1,"",""
147,2021-05-24 00:00:00,2020-11-16 00:00:00,38.00,Barramundi,Ardelle,5,"",""
148,2020-10-09 00:00:00,2021-02-17 00:00:00,46.00,Carrots - Jumbo,Bernarr,11,"",""
149,2021-02-03 00:00:00,2020-11-13 00:00:00,63.00,Lamb - Shoulder,Chandal,7,"",""
150,2020-12-26 00:00:00,2020-10-07 00:00:00,56.00,Soho Lychee Liqueur,Jenny,2,"",""
151,2021-07-01 00:00:00,2020-09-29 00:00:00,71.00,Beef Cheek Fresh,Joye,9,"",""
152,2021-03-02 00:00:00,2020-12-11 00:00:00,16.00,Tea - Vanilla Chai,Ardith,5,"",""
153,2021-05-09 00:00:00,2021-03-23 00:00:00,5.00,"Beans - Fava, Canned",Jyoti,11,"",""
154,2020-10-09 00:00:00,2021-07-30 00:00:00,14.00,Lid Tray - 16in Dome,Keslie,5,"",""
155,2021-06-19 00:00:00,2021-03-24 00:00:00,99.00,Wine - Chablis 2003 Champs,Livvy,2,"",""
156,2021-06-21 00:00:00,2021-03-08 00:00:00,3.00,Beets - Mini Golden,Christen,7,"",""
157,2020-10-19 00:00:00,2021-01-16 00:00:00,66.00,Appetizer - Chicken Satay,Thaddeus,5,"",""
158,2021-04-26 00:00:00,2021-06-21 00:00:00,53.00,Cabbage - Savoy,Christin,4,"",""
159,2021-05-24 00:00:00,2020-10-15 00:00:00,79.00,Dasheen,Sarita,6,"",""
160,2021-08-09 00:00:00,2021-09-01 00:00:00,42.00,"Tart Shells - Savory, 4",Kirstyn,6,"",""
161,2020-11-12 00:00:00,2020-10-09 00:00:00,47.00,Fond - Neutral,Candace,10,"",""
162,2021-08-17 00:00:00,2021-02-18 00:00:00,22.00,Wine - Jafflin Bourgongone,Joanie,9,"",""
163,2021-08-07 00:00:00,2020-12-31 00:00:00,93.00,Lettuce - Frisee,Marge,6,"",""
164,2020-11-21 00:00:00,2021-04-15 00:00:00,37.00,Liquid Aminios Acid - Braggs,Fax,11,"",""
165,2021-07-10 00:00:00,2021-02-23 00:00:00,94.00,Red Currant Jelly,Patrizio,5,"",""
166,2021-03-18 00:00:00,2020-10-22 00:00:00,88.00,Chicken Breast Wing On,Renee,3,"",""
167,2021-08-30 00:00:00,2020-12-22 00:00:00,79.00,Broom - Push,Doralia,8,"",""
168,2020-12-04 00:00:00,2021-05-30 00:00:00,42.00,"Tendrils - Baby Pea, Organic",Adele,11,"",""
169,2021-09-10 00:00:00,2020-11-30 00:00:00,85.00,"Soup - Knorr, Chicken Noodle",Juliette,6,"",""
170,2021-06-25 00:00:00,2021-05-16 00:00:00,75.00,Chinese Lemon Pork,Tod,7,"",""
171,2021-02-26 00:00:00,2020-10-10 00:00:00,80.00,Cookies - Englishbay Wht,Tracey,7,"",""
172,2021-05-03 00:00:00,2021-04-22 00:00:00,61.00,Wine - Sake,Phil,4,"",""
173,2021-07-28 00:00:00,2021-06-07 00:00:00,100.00,Sauce Tomato Pouch,Isidoro,9,"",""
174,2020-10-18 00:00:00,2021-04-04 00:00:00,58.00,Cake - Pancake,Elwira,11,"",""
175,2021-03-30 00:00:00,2021-01-21 00:00:00,22.00,Tarragon - Fresh,Jacquenetta,3,"",""
176,2021-07-30 00:00:00,2021-03-25 00:00:00,55.00,Corn - Mini,Jenny,6,"",""
177,2021-07-05 00:00:00,2021-05-01 00:00:00,19.00,Bread - Petit Baguette,Velma,10,"",""
178,2021-07-15 00:00:00,2020-10-29 00:00:00,55.00,Lychee,Maryjane,8,"",""
179,2021-04-28 00:00:00,2021-06-06 00:00:00,51.00,Trueblue - Blueberry,Gabriell,11,"",""
180,2020-12-17 00:00:00,2020-11-09 00:00:00,1.00,Devonshire Cream,Frederik,7,"",""
181,2020-12-08 00:00:00,2020-12-14 00:00:00,49.00,Yoghurt Tubes,Felic,2,"",""
182,2021-01-18 00:00:00,2020-10-05 00:00:00,36.00,"Potatoes - Yukon Gold, 80 Ct",My,1,"",""
183,2021-04-18 00:00:00,2021-08-24 00:00:00,17.00,Nantucket - Carrot Orange,Adella,8,"",""
184,2021-09-12 00:00:00,2021-07-25 00:00:00,13.00,Ecolab - Ster Bac,Dena,5,"",""
185,2021-08-07 00:00:00,2020-10-13 00:00:00,34.00,Tomatoes - Hot House,Betteann,10,"",""
186,2020-12-20 00:00:00,2020-11-30 00:00:00,78.00,Fireball Whisky,Elsa,1,"",""
187,2021-05-22 00:00:00,2021-03-25 00:00:00,49.00,Oregano - Fresh,Sarajane,8,"",""
188,2020-10-21 00:00:00,2020-11-12 00:00:00,9.00,Mahi Mahi,Phillipe,2,"",""
189,2021-07-15 00:00:00,2021-04-26 00:00:00,1.00,"Roe - Lump Fish, Black",Barney,9,"",""
190,2021-03-27 00:00:00,2021-07-08 00:00:00,59.00,Eggplant - Regular,Massimo,6,"",""
191,2021-07-30 00:00:00,2021-07-17 00:00:00,18.00,"Yeast - Fresh, Fleischman",Mycah,3,"",""
192,2021-02-28 00:00:00,2021-03-09 00:00:00,93.00,Pastry - Baked Cinnamon Stick,Roseann,5,"",""
193,2020-12-24 00:00:00,2020-10-13 00:00:00,52.00,Table Cloth 81x81 White,Kristopher,7,"",""
194,2021-07-06 00:00:00,2021-08-15 00:00:00,72.00,Towel Dispenser,Clea,8,"",""
195,2021-03-04 00:00:00,2021-01-09 00:00:00,57.00,"Wine - Bourgogne 2002, La",Lisbeth,6,"",""
196,2020-11-17 00:00:00,2020-10-24 00:00:00,51.00,Capon - Whole,Hershel,5,"",""
197,2021-09-14 00:00:00,2020-12-19 00:00:00,81.00,Bread - Pita,Elvina,9,"",""
198,2021-02-17 00:00:00,2021-01-18 00:00:00,27.00,Cake - Bande Of Fruit,Bertrando,8,"",""
199,2021-05-18 00:00:00,2021-08-27 00:00:00,46.00,Dragon Fruit,Cob,11,"",""
200,2020-11-24 00:00:00,2020-12-07 00:00:00,16.00,"Cod - Salted, Boneless",Arv,10,"",""
201,2021-04-06 00:00:00,2020-11-01 00:00:00,81.00,Table Cloth 62x114 White,Ashlee,3,"",""
202,2021-09-12 00:00:00,2020-10-26 00:00:00,73.00,Thermometer Digital,Ludovika,8,"",""
203,2021-01-23 00:00:00,2021-03-08 00:00:00,4.00,Turnip - White,Hobie,7,"",""
204,2021-06-28 00:00:00,2020-12-24 00:00:00,73.00,Breakfast Quesadillas,Asia,2,"",""
205,2021-02-25 00:00:00,2020-11-16 00:00:00,4.00,Tea - Herbal Orange Spice,Walsh,10,"",""
206,2020-10-19 00:00:00,2021-04-01 00:00:00,56.00,Olives - Stuffed,Maurine,9,"",""
207,2020-12-29 00:00:00,2020-12-20 00:00:00,64.00,Grapefruit - White,Violette,2,"",""
208,2021-07-26 00:00:00,2021-05-25 00:00:00,48.00,Water - Perrier,Pegeen,8,"",""
209,2021-01-13 00:00:00,2020-10-06 00:00:00,19.00,"Beef - Tongue, Fresh",Konrad,11,"",""
210,2021-05-25 00:00:00,2021-07-08 00:00:00,92.00,Ice Cream - Life Savers,Van,8,"",""
211,2021-01-22 00:00:00,2021-05-08 00:00:00,19.00,Beef - Top Sirloin - Aaa,Trevar,7,"",""
212,2021-01-03 00:00:00,2021-09-03 00:00:00,45.00,Shrimp - Black Tiger 16/20,Marlon,10,"",""
213,2021-03-22 00:00:00,2021-05-12 00:00:00,84.00,"Gingerale - Schweppes, 355 Ml",Leann,7,"",""
214,2020-10-25 00:00:00,2021-06-21 00:00:00,59.00,"Turkey - Breast, Boneless Sk On",Aimee,6,"",""
215,2021-08-23 00:00:00,2021-09-01 00:00:00,24.00,Barley - Pearl,Gerhardt,6,"",""
216,2020-11-28 00:00:00,2021-04-02 00:00:00,48.00,Pork - Sausage Casing,Vevay,3,"",""
217,2020-09-29 00:00:00,2021-06-21 00:00:00,22.00,Puree - Strawberry,Bancroft,5,"",""
218,2020-11-09 00:00:00,2021-05-06 00:00:00,88.00,Cocoa Powder - Dutched,Freddie,4,"",""
219,2021-04-27 00:00:00,2021-03-23 00:00:00,10.00,Pear - Halves,Rey,5,"",""
220,2020-10-28 00:00:00,2020-11-07 00:00:00,63.00,Quinoa,Dal,1,"",""
221,2020-10-12 00:00:00,2021-02-05 00:00:00,86.00,Wine - Barbera Alba Doc 2001,Rica,2,"",""
222,2021-03-26 00:00:00,2021-04-19 00:00:00,28.00,"Cup - 3.5oz, Foam",Xymenes,6,"",""
223,2020-09-22 00:00:00,2021-01-20 00:00:00,88.00,Longos - Chicken Caeser Salad,Lisabeth,1,"",""
224,2021-05-10 00:00:00,2021-05-14 00:00:00,5.00,Island Oasis - Pina Colada,Catriona,10,"",""
225,2021-01-10 00:00:00,2021-06-25 00:00:00,18.00,Mushroom - Porcini Frozen,Cristy,11,"",""
226,2021-02-06 00:00:00,2020-10-07 00:00:00,87.00,Salt And Pepper Mix - Black,Abba,5,"",""
227,2021-09-07 00:00:00,2021-04-16 00:00:00,55.00,Potatoes - Idaho 80 Count,Tandie,1,"",""
228,2020-10-13 00:00:00,2021-08-27 00:00:00,46.00,"Beans - Black Bean, Preserved",Paulie,10,"",""
229,2020-12-15 00:00:00,2021-01-12 00:00:00,76.00,Pepper Squash,Priscilla,4,"",""
230,2021-08-13 00:00:00,2021-04-28 00:00:00,16.00,Mortadella,Glenine,2,"",""
231,2020-11-19 00:00:00,2020-11-18 00:00:00,1.00,Table Cloth 72x144 White,Orelle,7,"",""
232,2021-05-11 00:00:00,2021-05-14 00:00:00,79.00,Spinach - Packaged,Kim,7,"",""
233,2021-01-05 00:00:00,2021-02-05 00:00:00,22.00,Beef - Tenderloin,Philomena,4,"",""
234,2021-04-19 00:00:00,2021-02-06 00:00:00,18.00,Bagel - 12 Grain Preslice,Maddy,9,"",""
235,2021-06-16 00:00:00,2021-07-27 00:00:00,54.00,Soup Bowl Clear 8oz92008,Madelle,10,"",""
236,2020-10-27 00:00:00,2021-01-21 00:00:00,99.00,Fond - Chocolate,Berry,2,"",""
237,2021-05-05 00:00:00,2021-07-09 00:00:00,63.00,Wine - Redchard Merritt,Tedie,10,"",""
238,2021-08-01 00:00:00,2021-03-28 00:00:00,92.00,Milk - 1%,Donnie,1,"",""
239,2020-11-29 00:00:00,2020-10-28 00:00:00,23.00,Pickerel - Fillets,Norris,5,"",""
240,2021-05-16 00:00:00,2021-04-20 00:00:00,48.00,Dr. Pepper - 355ml,Ginger,2,"",""
241,2020-09-19 00:00:00,2021-06-18 00:00:00,35.00,Milk - Chocolate 250 Ml,Ailsun,6,"",""
242,2021-01-15 00:00:00,2021-07-18 00:00:00,23.00,Veal - Osso Bucco,Karalynn,11,"",""
243,2021-04-13 00:00:00,2021-04-30 00:00:00,63.00,Pork Casing,Lindsay,6,"",""
244,2021-02-03 00:00:00,2021-06-15 00:00:00,66.00,Langers - Mango Nectar,Sabina,5,"",""
245,2021-08-13 00:00:00,2020-10-14 00:00:00,56.00,Apricots - Dried,Frankie,8,"",""
246,2021-06-14 00:00:00,2021-05-26 00:00:00,77.00,Cheese - Mozzarella,Joletta,1,"",""
247,2021-06-08 00:00:00,2021-08-02 00:00:00,62.00,Madeira,Sherwood,5,"",""
248,2021-03-26 00:00:00,2021-09-02 00:00:00,4.00,"Soup - Beef Conomme, Dry",Yolanda,8,"",""
249,2021-03-26 00:00:00,2021-03-23 00:00:00,22.00,Dikon,Anatol,4,"",""
250,2020-09-15 00:00:00,2020-12-06 00:00:00,80.00,Jello - Assorted,Darwin,4,"",""
251,2021-03-16 00:00:00,2021-09-08 00:00:00,33.00,"Wine - White, Lindemans Bin 95",Dar,9,"",""
252,2021-08-01 00:00:00,2020-12-25 00:00:00,98.00,Pur Value,Langsdon,11,"",""
253,2020-09-28 00:00:00,2020-11-24 00:00:00,15.00,Sauce - Balsamic Viniagrette,Lusa,6,"",""
254,2020-12-04 00:00:00,2020-11-18 00:00:00,37.00,Cattail Hearts,Nate,7,"",""
255,2021-01-17 00:00:00,2021-08-28 00:00:00,73.00,Island Oasis - Strawberry,Andras,5,"",""
256,2021-05-24 00:00:00,2021-06-07 00:00:00,56.00,Lettuce - Boston Bib - Organic,Jayme,2,"",""
257,2021-02-12 00:00:00,2021-01-05 00:00:00,34.00,Tea - Herbal Sweet Dreams,Andie,9,"",""
258,2021-09-13 00:00:00,2021-08-19 00:00:00,57.00,Wine - Acient Coast Caberne,Tyler,3,"",""
259,2021-09-01 00:00:00,2020-10-04 00:00:00,83.00,Tilapia - Fillets,Eli,10,"",""
260,2020-11-21 00:00:00,2021-06-23 00:00:00,27.00,Pepper - Cubanelle,Felicle,7,"",""
261,2021-02-18 00:00:00,2020-11-30 00:00:00,73.00,Bread Crumbs - Japanese Style,Pebrook,4,"",""
262,2021-01-27 00:00:00,2021-08-19 00:00:00,88.00,Chocolate Bar - Coffee Crisp,Eimile,9,"",""
263,2021-02-04 00:00:00,2020-10-18 00:00:00,88.00,Pork - Suckling Pig,Opalina,11,"",""
264,2021-09-10 00:00:00,2021-05-23 00:00:00,31.00,Turkey Tenderloin Frozen,Audre,6,"",""
265,2021-08-01 00:00:00,2021-04-02 00:00:00,5.00,Lotus Leaves,Teodoor,6,"",""
266,2021-01-09 00:00:00,2021-05-11 00:00:00,13.00,Plaintain,Doroteya,1,"",""
267,2021-03-15 00:00:00,2020-11-19 00:00:00,28.00,Sandwich Wrap,Verla,7,"",""
268,2021-09-11 00:00:00,2020-12-12 00:00:00,57.00,Soup Knorr Chili With Beans,Enrico,1,"",""
269,2021-03-28 00:00:00,2021-06-26 00:00:00,43.00,Paste - Black Olive,Sula,4,"",""
270,2021-06-01 00:00:00,2021-03-15 00:00:00,33.00,Sprouts - Alfalfa,Grace,5,"",""
271,2021-07-30 00:00:00,2020-10-23 00:00:00,44.00,Beer - Mcauslan Apricot,Pembroke,4,"",""
272,2021-04-27 00:00:00,2020-11-10 00:00:00,3.00,Wheat - Soft Kernal Of Wheat,Sharlene,4,"",""
273,2021-02-27 00:00:00,2020-09-28 00:00:00,5.00,Towels - Paper / Kraft,Benedetta,5,"",""
274,2021-08-24 00:00:00,2021-01-16 00:00:00,15.00,Cheese - Cambozola,Emmye,3,"",""
275,2021-06-26 00:00:00,2021-01-29 00:00:00,81.00,Cream Of Tartar,Emylee,1,"",""
276,2021-03-25 00:00:00,2021-08-13 00:00:00,61.00,"Coconut - Shredded, Unsweet",Padraic,3,"",""
277,2021-07-12 00:00:00,2021-01-22 00:00:00,55.00,Sugar - Palm,Loni,4,"",""
278,2020-12-19 00:00:00,2020-09-22 00:00:00,78.00,"Soup - Campbells, Chix Gumbo",Karoly,9,"",""
279,2020-11-14 00:00:00,2020-12-19 00:00:00,81.00,Chocolate - Milk Coating,Katerine,1,"",""
280,2021-01-10 00:00:00,2021-03-11 00:00:00,77.00,"Shrimp - 16/20, Iqf, Shell On",Tiffi,10,"",""
281,2020-12-24 00:00:00,2021-08-07 00:00:00,17.00,Pastrami,Lorain,3,"",""
282,2021-08-10 00:00:00,2021-05-20 00:00:00,14.00,"Nestea - Ice Tea, Diet",Regen,6,"",""
283,2020-11-26 00:00:00,2021-05-15 00:00:00,21.00,Rice - Sushi,Eddy,8,"",""
284,2021-07-15 00:00:00,2020-09-20 00:00:00,57.00,Island Oasis - Raspberry,Kanya,9,"",""
285,2021-04-14 00:00:00,2020-09-24 00:00:00,24.00,Wine - Prosecco Valdobiaddene,Frederigo,2,"",""
286,2020-12-08 00:00:00,2020-10-14 00:00:00,93.00,Lamb Rack Frenched Australian,Wenda,4,"",""
287,2021-07-12 00:00:00,2020-12-19 00:00:00,20.00,True - Vue Containers,Jammie,2,"",""
288,2020-10-21 00:00:00,2020-12-24 00:00:00,25.00,Gatorade - Lemon Lime,Estell,9,"",""
289,2021-01-05 00:00:00,2020-10-26 00:00:00,83.00,Stock - Fish,Pooh,4,"",""
290,2021-06-26 00:00:00,2020-11-17 00:00:00,65.00,"Bread - Roll, Whole Wheat",Zachery,3,"",""
291,2021-09-01 00:00:00,2020-09-19 00:00:00,87.00,Cleaner - Bleach,Verne,3,"",""
292,2021-01-08 00:00:00,2020-10-29 00:00:00,78.00,Container - Foam Dixie 12 Oz,Verene,6,"",""
293,2020-11-05 00:00:00,2021-04-29 00:00:00,81.00,Veal - Insides Provini,Samson,10,"",""
294,2021-08-24 00:00:00,2021-02-07 00:00:00,85.00,"Chicken - Base, Ultimate",Aurea,9,"",""
295,2021-01-18 00:00:00,2021-06-02 00:00:00,49.00,Ezy Change Mophandle,Gayle,3,"",""
296,2021-08-29 00:00:00,2021-05-26 00:00:00,9.00,Pie Shell - 5,Phaedra,10,"",""
297,2020-09-29 00:00:00,2021-04-09 00:00:00,54.00,"Wine - White, Pinot Grigio",Tiena,9,"",""
298,2021-05-15 00:00:00,2021-06-25 00:00:00,94.00,Apples - Sliced / Wedge,Kristofor,4,"",""
299,2021-05-13 00:00:00,2021-01-07 00:00:00,82.00,Food Colouring - Orange,Guinevere,2,"",""
300,2020-10-26 00:00:00,2021-09-12 00:00:00,20.00,Potato - Sweet,Iggie,11,"",""
301,2021-03-25 00:00:00,2020-10-04 00:00:00,25.00,Spaghetti Squash,Winny,1,"",""
302,2020-12-29 00:00:00,2021-05-01 00:00:00,33.00,Raspberries - Fresh,Briant,5,"",""
303,2021-02-07 00:00:00,2021-04-14 00:00:00,69.00,Chervil - Fresh,Jonathan,2,"",""
304,2021-02-12 00:00:00,2020-11-18 00:00:00,77.00,Vegetable - Base,Cora,4,"",""
305,2021-04-24 00:00:00,2021-03-06 00:00:00,21.00,Hot Choc Vending,Florida,1,"",""
306,2021-02-17 00:00:00,2021-04-02 00:00:00,30.00,Chef Hat 25cm,Mayne,4,"",""
307,2021-05-03 00:00:00,2021-04-12 00:00:00,89.00,Oil - Avocado,Tresa,4,"",""
308,2021-04-25 00:00:00,2020-12-11 00:00:00,5.00,Muffin Batt - Carrot Spice,Trevar,8,"",""
309,2020-11-06 00:00:00,2021-05-13 00:00:00,25.00,Cinnamon Buns Sticky,Skippie,8,"",""
310,2021-05-03 00:00:00,2021-01-27 00:00:00,98.00,Sugar - Splenda Sweetener,Claudianus,1,"",""
311,2020-09-26 00:00:00,2020-09-17 00:00:00,36.00,Lychee - Canned,Mycah,5,"",""
312,2020-10-27 00:00:00,2021-01-22 00:00:00,37.00,Milk - Condensed,Sibel,11,"",""
313,2020-09-26 00:00:00,2021-04-22 00:00:00,55.00,Capicola - Hot,Carissa,4,"",""
314,2021-03-07 00:00:00,2020-10-17 00:00:00,43.00,Tea - Herbal I Love Lemon,Orelia,11,"",""
315,2021-05-06 00:00:00,2020-11-26 00:00:00,79.00,Wine - Wyndham Estate Bin 777,Sheelagh,8,"",""
316,2020-11-26 00:00:00,2021-06-30 00:00:00,18.00,Wine - Baron De Rothschild,Darell,5,"",""
317,2021-01-03 00:00:00,2021-01-29 00:00:00,57.00,"Wine - White, Lindemans Bin 95",Kent,4,"",""
318,2021-01-09 00:00:00,2021-07-21 00:00:00,25.00,"Pasta - Lasagna Noodle, Frozen",Courtney,2,"",""
319,2021-04-11 00:00:00,2021-06-18 00:00:00,24.00,Waffle Stix,Moyra,11,"",""
320,2021-05-04 00:00:00,2021-02-26 00:00:00,48.00,Wine - Chablis 2003 Champs,Rebeka,4,"",""
321,2020-12-25 00:00:00,2020-10-16 00:00:00,98.00,"Wine - White, French Cross",Penn,10,"",""
322,2021-08-10 00:00:00,2021-07-13 00:00:00,45.00,"Veal - Inside, Choice",Emyle,4,"",""
323,2021-04-11 00:00:00,2020-10-04 00:00:00,90.00,"Bread - Roll, Whole Wheat",Augustin,9,"",""
324,2021-07-14 00:00:00,2020-12-09 00:00:00,25.00,Cake - Night And Day Choclate,Brynn,1,"",""
325,2020-12-11 00:00:00,2020-12-20 00:00:00,33.00,"Red Snapper - Fresh, Whole",Anabelle,9,"",""
326,2021-07-16 00:00:00,2020-12-11 00:00:00,79.00,Paper Towel Touchless,Pattie,7,"",""
327,2020-11-09 00:00:00,2021-03-11 00:00:00,73.00,Chocolate - Mi - Amere Semi,Udell,11,"",""
328,2021-05-21 00:00:00,2021-03-03 00:00:00,8.00,Hinge W Undercut,Fenelia,9,"",""
329,2021-07-14 00:00:00,2021-08-08 00:00:00,24.00,Flour - All Purpose,Colby,3,"",""
330,2021-06-23 00:00:00,2021-02-05 00:00:00,72.00,"Nestea - Ice Tea, Diet",Leopold,10,"",""
331,2021-08-24 00:00:00,2020-10-28 00:00:00,45.00,Clam Nectar,Prentice,5,"",""
332,2020-10-16 00:00:00,2020-10-25 00:00:00,84.00,Muskox - French Rack,Sheena,9,"",""
333,2021-03-12 00:00:00,2020-09-26 00:00:00,85.00,"Bread - White, Sliced",Kristo,4,"",""
334,2021-01-26 00:00:00,2021-04-03 00:00:00,98.00,Yogurt - French Vanilla,Charley,3,"",""
335,2021-07-06 00:00:00,2021-03-27 00:00:00,45.00,Beef - Diced,Nils,6,"",""
336,2020-12-16 00:00:00,2020-10-27 00:00:00,78.00,Bagel - Everything,Nial,6,"",""
337,2021-04-15 00:00:00,2020-09-24 00:00:00,33.00,Okra,Theadora,2,"",""
338,2021-01-26 00:00:00,2020-09-17 00:00:00,73.00,"Bar Mix - Pina Colada, 355 Ml",Emelita,2,"",""
339,2021-07-15 00:00:00,2020-11-27 00:00:00,52.00,Shopper Bag - S - 4,Devora,5,"",""
340,2020-11-02 00:00:00,2020-11-09 00:00:00,1.00,Pineapple - Regular,Missy,5,"",""
341,2021-06-18 00:00:00,2021-07-27 00:00:00,36.00,Pepper - Gypsy Pepper,Sonnie,1,"",""
342,2021-03-15 00:00:00,2021-02-21 00:00:00,16.00,Soup - Cream Of Potato / Leek,Daveta,1,"",""
343,2021-02-06 00:00:00,2020-12-13 00:00:00,62.00,Beef - Top Sirloin,Liana,11,"",""
344,2021-09-06 00:00:00,2021-02-11 00:00:00,91.00,Cup - 8oz Coffee Perforated,Shandeigh,6,"",""
345,2021-03-02 00:00:00,2020-09-30 00:00:00,10.00,"Mushroom - Morels, Dry",Stefania,8,"",""
346,2021-06-15 00:00:00,2021-04-29 00:00:00,94.00,"Wine - Red, Antinori Santa",Rita,2,"",""
347,2021-09-04 00:00:00,2021-09-02 00:00:00,6.00,"Bread - Dark Rye, Loaf",Gayelord,7,"",""
348,2021-07-01 00:00:00,2021-09-02 00:00:00,66.00,Asparagus - Mexican,Luelle,5,"",""
349,2020-10-05 00:00:00,2020-10-12 00:00:00,46.00,"Soup - Knorr, Chicken Gumbo",Jimmie,4,"",""
350,2021-02-13 00:00:00,2021-06-13 00:00:00,56.00,Chicken - Tenderloin,Dominica,5,"",""
351,2021-03-16 00:00:00,2021-02-23 00:00:00,16.00,Foil - 4oz Custard Cup,Carlynn,10,"",""
352,2021-02-02 00:00:00,2021-02-25 00:00:00,59.00,Pork - Ham Hocks - Smoked,Lorette,4,"",""
353,2021-06-13 00:00:00,2021-01-15 00:00:00,14.00,"Pork - Bacon, Double Smoked",Alvina,11,"",""
354,2020-09-28 00:00:00,2020-09-24 00:00:00,80.00,Bread - Mini Hamburger Bun,Jayme,9,"",""
355,2020-09-21 00:00:00,2020-10-27 00:00:00,62.00,"Doilies - 12, Paper",Herculie,11,"",""
356,2020-09-26 00:00:00,2020-12-02 00:00:00,41.00,Eggplant - Regular,Felita,5,"",""
357,2021-01-13 00:00:00,2021-04-13 00:00:00,39.00,Cheese - Shred Cheddar / Mozza,Kelsey,4,"",""
358,2020-10-09 00:00:00,2020-09-23 00:00:00,59.00,Steampan - Half Size Shallow,Clarence,5,"",""
359,2021-05-03 00:00:00,2020-10-11 00:00:00,30.00,Steel Wool S.o.s,Dicky,10,"",""
360,2021-08-24 00:00:00,2021-01-31 00:00:00,39.00,Raisin - Golden,Lewiss,1,"",""
361,2021-04-26 00:00:00,2021-01-02 00:00:00,94.00,"Pasta - Shells, Medium, Dry",Sascha,9,"",""
362,2021-03-03 00:00:00,2020-11-18 00:00:00,9.00,Honey - Comb,Bron,9,"",""
363,2021-08-10 00:00:00,2021-02-08 00:00:00,96.00,Zucchini - Green,Giulia,8,"",""
364,2021-04-24 00:00:00,2021-05-17 00:00:00,51.00,Cheese - La Sauvagine,Gusty,9,"",""
365,2021-06-29 00:00:00,2020-10-20 00:00:00,68.00,Cranberries - Dry,Marina,2,"",""
366,2021-02-06 00:00:00,2020-09-24 00:00:00,86.00,Yams,Parnell,4,"",""
367,2021-01-11 00:00:00,2021-05-27 00:00:00,96.00,Cheese - Parmesan Cubes,Josselyn,11,"",""
368,2021-09-02 00:00:00,2021-06-26 00:00:00,37.00,Cookie Dough - Chocolate Chip,Marleen,11,"",""
369,2021-03-02 00:00:00,2021-02-05 00:00:00,89.00,Beef - Flank Steak,Savina,1,"",""
370,2020-09-25 00:00:00,2021-07-07 00:00:00,14.00,Ecolab - Medallion,Towney,3,"",""
371,2021-07-05 00:00:00,2020-11-23 00:00:00,80.00,Vinegar - White Wine,Skyler,11,"",""
372,2021-04-25 00:00:00,2020-10-19 00:00:00,1.00,Spinach - Baby,Hasheem,1,"",""
373,2021-01-04 00:00:00,2021-08-07 00:00:00,86.00,Carbonated Water - Wildberry,Samson,3,"",""
374,2021-07-11 00:00:00,2020-11-02 00:00:00,83.00,Sage Derby,Monika,3,"",""
375,2021-04-30 00:00:00,2020-09-29 00:00:00,23.00,Tray - 12in Rnd Blk,Madelyn,4,"",""
376,2021-03-20 00:00:00,2021-07-18 00:00:00,7.00,Lobster - Tail 6 Oz,Max,10,"",""
377,2021-04-21 00:00:00,2020-12-24 00:00:00,26.00,Teriyaki Sauce,Heriberto,5,"",""
378,2020-12-24 00:00:00,2020-10-28 00:00:00,32.00,"Coffee - Beans, Whole",Jenine,6,"",""
379,2021-07-12 00:00:00,2020-10-08 00:00:00,30.00,"Lemonade - Natural, 591 Ml",Essie,2,"",""
380,2021-02-05 00:00:00,2021-05-11 00:00:00,78.00,Absolut Citron,Webb,2,"",""
381,2021-06-05 00:00:00,2021-08-30 00:00:00,50.00,Nantucket Pine Orangebanana,Fannie,6,"",""
382,2021-09-13 00:00:00,2021-03-06 00:00:00,52.00,Long Island Ice Tea,Nobe,1,"",""
383,2021-05-19 00:00:00,2021-05-31 00:00:00,88.00,Table Cloth 120 Round White,Killie,7,"",""
384,2021-04-03 00:00:00,2020-10-14 00:00:00,84.00,Syrup - Monin - Granny Smith,Chloette,8,"",""
385,2021-03-19 00:00:00,2021-07-15 00:00:00,72.00,Chef Hat 20cm,Llewellyn,11,"",""
386,2020-10-03 00:00:00,2020-11-16 00:00:00,87.00,Soup Campbells Beef With Veg,Alvie,5,"",""
387,2020-10-18 00:00:00,2021-06-28 00:00:00,87.00,Lettuce - Red Leaf,Jilli,4,"",""
388,2020-12-27 00:00:00,2020-11-27 00:00:00,66.00,Sambuca - Ramazzotti,Lem,5,"",""
389,2021-01-22 00:00:00,2021-06-05 00:00:00,73.00,Arizona - Green Tea,Isadora,1,"",""
390,2020-10-05 00:00:00,2021-01-06 00:00:00,44.00,Stainless Steel Cleaner Vision,Carlen,1,"",""
391,2021-09-06 00:00:00,2021-01-08 00:00:00,83.00,Chutney Sauce - Mango,Gerianne,3,"",""
392,2021-08-19 00:00:00,2021-01-26 00:00:00,16.00,Peas Snow,Annabal,11,"",""
393,2020-12-03 00:00:00,2021-01-24 00:00:00,2.00,"Yogurt - Cherry, 175 Gr",Juliet,11,"",""
394,2020-11-05 00:00:00,2021-04-15 00:00:00,11.00,"Pasta - Lasagna Noodle, Frozen",Brande,1,"",""
395,2021-06-10 00:00:00,2021-08-15 00:00:00,45.00,Veal - Insides Provini,Kacie,3,"",""
396,2021-06-22 00:00:00,2021-08-12 00:00:00,15.00,Carbonated Water - Peach,Binnie,1,"",""
397,2020-12-20 00:00:00,2021-04-07 00:00:00,71.00,Calypso - Pineapple Passion,Mordy,8,"",""
398,2020-10-02 00:00:00,2021-08-12 00:00:00,53.00,Strawberries - California,Allx,5,"",""
399,2020-09-16 00:00:00,2021-03-17 00:00:00,84.00,The Pop Shoppe Pinapple,Ange,8,"",""
400,2020-11-28 00:00:00,2020-09-17 00:00:00,89.00,Sugar - Splenda Sweetener,Bud,2,"",""
401,2021-07-10 00:00:00,2021-02-02 00:00:00,13.00,"Pepper - White, Whole",Quintus,10,"",""
402,2020-11-06 00:00:00,2021-08-06 00:00:00,41.00,Beef - Tender Tips,Beverly,10,"",""
403,2021-02-11 00:00:00,2020-09-22 00:00:00,73.00,Mint - Fresh,Darill,8,"",""
404,2020-12-27 00:00:00,2021-07-16 00:00:00,8.00,"Mushroom - Shitake, Dry",Gloria,11,"",""
405,2021-01-22 00:00:00,2021-04-12 00:00:00,93.00,Cheese - Provolone,Odette,8,"",""
406,2020-12-03 00:00:00,2021-05-29 00:00:00,26.00,"Bread - Pullman, Sliced",Chane,6,"",""
407,2020-12-16 00:00:00,2021-07-16 00:00:00,44.00,Bread - Crusty Italian Poly,Milka,6,"",""
408,2021-06-09 00:00:00,2021-06-22 00:00:00,80.00,Sauce - Vodka Blush,Huntlee,2,"",""
409,2021-01-24 00:00:00,2020-12-22 00:00:00,59.00,Milk Powder,Melany,10,"",""
410,2021-01-02 00:00:00,2021-02-17 00:00:00,22.00,"Yogurt - Raspberry, 175 Gr",Frederik,2,"",""
411,2020-11-18 00:00:00,2021-01-17 00:00:00,3.00,Miso - Soy Bean Paste,Rodd,1,"",""
412,2021-04-16 00:00:00,2020-09-18 00:00:00,53.00,Barley - Pearl,Harrie,7,"",""
413,2020-12-27 00:00:00,2020-09-27 00:00:00,58.00,Vinegar - Raspberry,Jorie,2,"",""
414,2021-02-21 00:00:00,2021-05-29 00:00:00,46.00,Beef - Salted,Sutton,9,"",""
415,2021-02-28 00:00:00,2020-10-03 00:00:00,71.00,Tea - Orange Pekoe,Hernando,6,"",""
416,2021-04-26 00:00:00,2021-03-01 00:00:00,58.00,Lobster - Cooked,Lela,1,"",""
417,2020-11-10 00:00:00,2021-04-07 00:00:00,15.00,Iced Tea Concentrate,Creigh,8,"",""
418,2021-07-11 00:00:00,2021-04-16 00:00:00,95.00,Saskatoon Berries - Frozen,Granville,3,"",""
419,2021-06-20 00:00:00,2021-06-13 00:00:00,70.00,"Pork - Chop, Frenched",Rozalin,1,"",""
420,2021-03-20 00:00:00,2020-11-01 00:00:00,16.00,Petite Baguette,Hyacinthia,6,"",""
421,2021-06-24 00:00:00,2021-04-11 00:00:00,87.00,Bread - French Stick,Stefanie,5,"",""
422,2021-02-12 00:00:00,2021-06-16 00:00:00,8.00,Pear - Asian,Don,6,"",""
423,2021-05-10 00:00:00,2021-08-11 00:00:00,55.00,Extract Vanilla Pure,Lezlie,3,"",""
424,2021-04-04 00:00:00,2021-04-05 00:00:00,4.00,Bread Foccacia Whole,Kathie,9,"",""
425,2021-02-22 00:00:00,2021-01-10 00:00:00,84.00,Bread - Italian Corn Meal Poly,Lonna,3,"",""
426,2021-08-05 00:00:00,2021-05-06 00:00:00,53.00,Mousse - Passion Fruit,Tommie,10,"",""
427,2021-01-04 00:00:00,2021-05-10 00:00:00,17.00,Ecolab - Balanced Fusion,Terza,6,"",""
428,2021-07-19 00:00:00,2020-11-17 00:00:00,95.00,Fruit Salad Deluxe,Dun,2,"",""
429,2021-05-23 00:00:00,2021-07-04 00:00:00,34.00,Clam Nectar,Wadsworth,1,"",""
430,2021-06-19 00:00:00,2021-02-07 00:00:00,21.00,Muffin Chocolate Individual Wrap,Kingsly,9,"",""
431,2021-03-16 00:00:00,2020-10-16 00:00:00,84.00,Magnotta Bel Paese Red,Brenda,10,"",""
432,2021-08-31 00:00:00,2021-09-01 00:00:00,86.00,Relish,Ermanno,1,"",""
433,2020-12-22 00:00:00,2021-04-13 00:00:00,4.00,Cheese - Fontina,Sidnee,5,"",""
434,2021-07-09 00:00:00,2021-07-30 00:00:00,4.00,"Pepper - Chillies, Crushed",Krista,11,"",""
435,2021-08-22 00:00:00,2021-07-23 00:00:00,67.00,Cheese - Montery Jack,Quint,5,"",""
436,2021-08-03 00:00:00,2021-01-05 00:00:00,86.00,"Olives - Black, Pitted",Olly,5,"",""
437,2021-07-08 00:00:00,2021-09-03 00:00:00,87.00,"Pepper - Paprika, Hungarian",Templeton,10,"",""
438,2021-07-22 00:00:00,2020-11-10 00:00:00,21.00,Tomato - Peeled Italian Canned,Ludvig,1,"",""
439,2021-03-16 00:00:00,2021-09-06 00:00:00,67.00,Eggplant - Baby,Corrinne,9,"",""
440,2021-05-16 00:00:00,2021-04-13 00:00:00,33.00,Salt - Sea,Danny,6,"",""
441,2021-07-23 00:00:00,2020-12-12 00:00:00,53.00,Tea - Lemon Green Tea,Clarance,3,"",""
442,2020-10-23 00:00:00,2020-12-04 00:00:00,33.00,Parasol Pick Stir Stick,Lanny,9,"",""
443,2021-02-19 00:00:00,2020-12-10 00:00:00,86.00,Potatoes - Idaho 100 Count,Brenna,1,"",""
444,2021-08-06 00:00:00,2021-03-26 00:00:00,50.00,Hot Chocolate - Individual,Olly,10,"",""
445,2020-10-08 00:00:00,2021-09-01 00:00:00,33.00,Pasta - Fusili Tri - Coloured,Gregorius,3,"",""
446,2020-12-12 00:00:00,2020-11-05 00:00:00,13.00,Chutney Sauce,Goran,8,"",""
447,2020-11-02 00:00:00,2021-01-31 00:00:00,16.00,Dried Cherries,Howie,7,"",""
448,2020-12-28 00:00:00,2021-04-16 00:00:00,23.00,Ginger - Fresh,Herminia,11,"",""
449,2021-05-04 00:00:00,2021-03-07 00:00:00,83.00,"Lettuce - Mini Greens, Whole",Morna,9,"",""
450,2021-05-08 00:00:00,2021-08-22 00:00:00,18.00,Blueberries - Frozen,Tessa,4,"",""
451,2020-11-07 00:00:00,2021-07-18 00:00:00,49.00,"Pasta - Fettuccine, Egg, Fresh",Adda,3,"",""
452,2021-02-11 00:00:00,2021-02-19 00:00:00,6.00,"Beets - Candy Cane, Organic",Collete,1,"",""
453,2020-11-25 00:00:00,2020-10-21 00:00:00,31.00,Beer - Labatt Blue,Darbee,6,"",""
454,2021-05-08 00:00:00,2021-07-05 00:00:00,23.00,"Loaf Pan - 2 Lb, Foil",Joelle,4,"",""
455,2021-08-20 00:00:00,2021-03-31 00:00:00,39.00,Cheese - Oka,Marcelle,4,"",""
456,2021-07-11 00:00:00,2021-08-01 00:00:00,94.00,Miso Paste White,Addie,5,"",""
457,2021-03-09 00:00:00,2020-11-03 00:00:00,98.00,Tea - Camomele,Perle,3,"",""
458,2021-09-10 00:00:00,2021-05-08 00:00:00,1.00,Apples - Spartan,Hersch,11,"",""
459,2020-12-05 00:00:00,2021-02-04 00:00:00,89.00,Beer - Blue,Tamma,10,"",""
460,2021-02-17 00:00:00,2021-01-09 00:00:00,14.00,"Liqueur Banana, Ramazzotti",Sigfrid,7,"",""
461,2021-03-15 00:00:00,2021-04-22 00:00:00,62.00,Garam Masala Powder,Goldi,4,"",""
462,2020-12-10 00:00:00,2021-02-08 00:00:00,70.00,Glucose,Corney,9,"",""
463,2021-08-01 00:00:00,2021-02-25 00:00:00,37.00,Table Cloth 120 Round White,Rene,10,"",""
464,2021-05-21 00:00:00,2021-08-02 00:00:00,43.00,Wine - Soave Folonari,Karly,2,"",""
465,2021-02-19 00:00:00,2021-04-13 00:00:00,28.00,"Vodka - Hot, Lnferno",Danella,11,"",""
466,2020-10-23 00:00:00,2021-05-04 00:00:00,32.00,"Bread - Sticks, Thin, Plain",Pincus,5,"",""
467,2021-05-13 00:00:00,2020-12-05 00:00:00,34.00,"Nut - Almond, Blanched, Ground",Hewett,2,"",""
468,2021-08-25 00:00:00,2021-07-26 00:00:00,56.00,"Rum - Spiced, Captain Morgan",Eadmund,8,"",""
469,2021-03-25 00:00:00,2020-10-10 00:00:00,46.00,"Oil - Food, Lacquer Spray",Stephani,8,"",""
470,2020-09-20 00:00:00,2021-07-18 00:00:00,92.00,Chocolate Bar - Coffee Crisp,Mikel,6,"",""
471,2021-04-14 00:00:00,2021-02-25 00:00:00,58.00,Island Oasis - Raspberry,Jeannie,7,"",""
472,2021-01-02 00:00:00,2021-08-24 00:00:00,5.00,"Wine - Red, Cabernet Sauvignon",Pernell,6,"",""
473,2020-10-02 00:00:00,2021-04-09 00:00:00,26.00,Juice - Mango,Pascal,8,"",""
474,2021-08-04 00:00:00,2021-02-18 00:00:00,68.00,Lamb Leg - Bone - In Nz,Zared,11,"",""
475,2020-11-11 00:00:00,2021-07-08 00:00:00,93.00,"Potatoes - Purple, Organic",Collie,9,"",""
476,2021-06-10 00:00:00,2021-08-31 00:00:00,100.00,Shallots,Vyky,9,"",""
477,2020-09-23 00:00:00,2021-09-06 00:00:00,68.00,Fudge - Chocolate Fudge,Donni,7,"",""
478,2021-02-04 00:00:00,2021-07-13 00:00:00,77.00,Gingerale - Diet - Schweppes,Cleveland,7,"",""
479,2020-11-25 00:00:00,2021-07-03 00:00:00,90.00,Nescafe - Frothy French Vanilla,Jordain,3,"",""
480,2021-03-26 00:00:00,2021-02-04 00:00:00,31.00,Juice - Propel Sport,Morna,5,"",""
481,2021-05-10 00:00:00,2021-06-14 00:00:00,22.00,Tea - Honey Green Tea,Oralie,3,"",""
482,2021-01-03 00:00:00,2021-07-06 00:00:00,49.00,Ice Cream Bar - Oreo Sandwich,Bertie,10,"",""
483,2021-04-25 00:00:00,2020-12-07 00:00:00,24.00,Melon - Cantaloupe,Madonna,6,"",""
484,2021-07-21 00:00:00,2021-06-04 00:00:00,26.00,"Lamb - Whole Head Off,nz",Werner,3,"",""
485,2020-12-07 00:00:00,2021-03-09 00:00:00,4.00,Bread Roll Foccacia,Robena,4,"",""
486,2020-12-31 00:00:00,2021-08-25 00:00:00,43.00,Cinnamon Buns Sticky,Staford,2,"",""
487,2020-10-29 00:00:00,2021-02-10 00:00:00,85.00,Lemons,Reynard,7,"",""
488,2021-02-01 00:00:00,2021-06-22 00:00:00,84.00,"Wine - Cahors Ac 2000, Clos",Daphene,5,"",""
489,2021-04-01 00:00:00,2021-04-05 00:00:00,74.00,Hot Chocolate - Individual,Roy,6,"",""
490,2021-09-02 00:00:00,2020-11-15 00:00:00,31.00,Mackerel Whole Fresh,Benedikt,2,"",""
491,2021-03-07 00:00:00,2021-05-09 00:00:00,26.00,"Gingerale - Schweppes, 355 Ml",Ervin,2,"",""
492,2021-06-15 00:00:00,2021-07-05 00:00:00,72.00,Green Scrubbie Pad H.duty,Oralee,4,"",""
493,2020-12-22 00:00:00,2021-03-03 00:00:00,14.00,Halibut - Fletches,Pasquale,1,"",""
494,2020-10-22 00:00:00,2021-07-16 00:00:00,15.00,"Mushroom - Oyster, Fresh",Rebecca,5,"",""
495,2021-02-23 00:00:00,2021-04-27 00:00:00,87.00,Wine - Trimbach Pinot Blanc,Louis,9,"",""
496,2021-09-10 00:00:00,2020-11-30 00:00:00,37.00,Veal - Slab Bacon,Pete,8,"",""
497,2021-07-29 00:00:00,2021-02-21 00:00:00,2.00,Mayonnaise,Sylvan,2,"",""
498,2021-07-29 00:00:00,2021-06-28 00:00:00,54.00,Cheese - Grie Des Champ,Merrie,6,"",""
499,2021-05-22 00:00:00,2020-11-26 00:00:00,19.00,Huck Towels White,Annabell,3,"",""
500,2021-06-08 00:00:00,2020-11-08 00:00:00,60.00,Smoked Tongue,Elizabeth,8,"",""
501,2021-06-19 00:00:00,2021-09-01 00:00:00,62.00,Beets - Mini Golden,Shaina,8,"",""
502,2020-10-17 00:00:00,2021-01-31 00:00:00,64.00,"Artichokes - Knobless, White",Isidro,5,"",""
503,2021-09-09 00:00:00,2021-03-29 00:00:00,42.00,Coffee Swiss Choc Almond,Claybourne,11,"",""
504,2021-03-16 00:00:00,2021-02-25 00:00:00,35.00,Canadian Emmenthal,Madelina,9,"",""
505,2021-07-24 00:00:00,2021-09-12 00:00:00,72.00,Container - Clear 32 Oz,Gary,9,"",""
506,2020-11-16 00:00:00,2021-05-19 00:00:00,50.00,Kippers - Smoked,Johan,5,"",""
507,2020-09-28 00:00:00,2020-11-22 00:00:00,18.00,Wine - Zinfandel Rosenblum,Kin,11,"",""
508,2021-05-24 00:00:00,2021-03-28 00:00:00,15.00,Potatoes - Idaho 100 Count,Cello,5,"",""
509,2021-02-12 00:00:00,2020-10-18 00:00:00,3.00,"Zucchini - Mini, Green",Terence,1,"",""
510,2020-10-10 00:00:00,2021-09-05 00:00:00,14.00,Squid - Breaded,Britt,2,"",""
511,2021-08-07 00:00:00,2021-02-03 00:00:00,34.00,Rice - Jasmine Sented,Tandy,8,"",""
512,2020-11-18 00:00:00,2021-01-22 00:00:00,64.00,"Bread - Pita, Mini",Elisabet,10,"",""
513,2021-08-05 00:00:00,2021-01-22 00:00:00,3.00,Pastry - Mini French Pastries,Vladimir,4,"",""
514,2020-11-11 00:00:00,2021-06-06 00:00:00,21.00,Shrimp - 150 - 250,Miguela,10,"",""
515,2021-05-11 00:00:00,2021-01-18 00:00:00,8.00,Cucumber - English,Christina,7,"",""
516,2021-07-26 00:00:00,2021-01-10 00:00:00,90.00,Cheese Cloth No 60,Lucie,3,"",""
517,2021-07-04 00:00:00,2020-12-04 00:00:00,32.00,Country Roll,Sheilakathryn,7,"",""
518,2020-12-05 00:00:00,2020-10-17 00:00:00,36.00,Foil Cont Round,Del,11,"",""
519,2021-03-02 00:00:00,2021-08-26 00:00:00,24.00,Maple Syrup,Ermina,4,"",""
520,2020-11-27 00:00:00,2020-11-26 00:00:00,90.00,Capers - Ox Eye Daisy,Lurline,5,"",""
521,2020-11-03 00:00:00,2021-05-22 00:00:00,7.00,"Yogurt - Blueberry, 175 Gr",Kendra,3,"",""
522,2021-01-29 00:00:00,2021-06-12 00:00:00,68.00,Puree - Strawberry,Shadow,1,"",""
523,2021-07-17 00:00:00,2020-10-10 00:00:00,94.00,Pate - Peppercorn,Dottie,6,"",""
524,2021-08-22 00:00:00,2021-07-22 00:00:00,30.00,Tia Maria,Berenice,4,"",""
525,2020-11-23 00:00:00,2020-09-30 00:00:00,70.00,Bacon Strip Precooked,Georgeanne,3,"",""
526,2021-01-10 00:00:00,2021-06-30 00:00:00,61.00,Lettuce - Boston Bib,Justino,11,"",""
527,2021-04-25 00:00:00,2020-11-08 00:00:00,25.00,Flour - All Purpose,Conrad,4,"",""
528,2020-12-11 00:00:00,2020-11-30 00:00:00,1.00,Veal - Osso Bucco,Malinde,5,"",""
529,2021-03-10 00:00:00,2021-02-19 00:00:00,3.00,Piping Jelly - All Colours,Brietta,5,"",""
530,2020-11-10 00:00:00,2021-01-10 00:00:00,23.00,Eggplant - Baby,Kaitlyn,7,"",""
531,2021-04-24 00:00:00,2021-01-08 00:00:00,10.00,Garbag Bags - Black,Erich,9,"",""
532,2020-09-16 00:00:00,2020-09-26 00:00:00,30.00,Pastry - Carrot Muffin - Mini,Ofelia,1,"",""
533,2020-10-31 00:00:00,2021-07-01 00:00:00,99.00,Bread - 10 Grain Parisian,Zorana,11,"",""
534,2021-01-23 00:00:00,2021-01-19 00:00:00,4.00,"Croissant, Raw - Mini",Doreen,6,"",""
535,2021-08-10 00:00:00,2021-03-28 00:00:00,2.00,"Halibut - Whole, Fresh",Vincent,7,"",""
536,2021-08-08 00:00:00,2020-10-07 00:00:00,52.00,"Juice - Apple, 1.36l",Waverly,7,"",""
537,2021-03-01 00:00:00,2021-02-15 00:00:00,56.00,Cheese Cheddar Processed,Edlin,1,"",""
538,2021-04-19 00:00:00,2021-04-08 00:00:00,9.00,Bar Energy Chocchip,Natka,8,"",""
539,2021-07-13 00:00:00,2021-01-14 00:00:00,9.00,Devonshire Cream,Sanford,2,"",""
540,2021-08-13 00:00:00,2020-11-24 00:00:00,83.00,Soup - Chicken And Wild Rice,Illa,6,"",""
541,2020-09-17 00:00:00,2021-08-25 00:00:00,18.00,Beer - Blue Light,Giacomo,2,"",""
542,2021-01-04 00:00:00,2021-03-12 00:00:00,77.00,"Crush - Orange, 355ml",Saree,2,"",""
543,2021-06-22 00:00:00,2021-06-24 00:00:00,90.00,Cheese - Cheddarsliced,Filippa,2,"",""
544,2021-05-21 00:00:00,2021-01-10 00:00:00,44.00,Wine - Fume Blanc Fetzer,Maggee,6,"",""
545,2021-03-03 00:00:00,2021-08-03 00:00:00,6.00,Duck - Fat,Francis,11,"",""
546,2021-05-27 00:00:00,2021-03-24 00:00:00,40.00,Southern Comfort,Nikolas,5,"",""
547,2021-09-03 00:00:00,2021-02-25 00:00:00,88.00,Sauerkraut,Zebulen,3,"",""
548,2021-08-09 00:00:00,2021-05-29 00:00:00,42.00,"Asparagus - White, Fresh",Editha,11,"",""
549,2020-11-27 00:00:00,2020-11-13 00:00:00,34.00,"Bar Mix - Pina Colada, 355 Ml",Jerrome,11,"",""
550,2020-11-07 00:00:00,2020-12-07 00:00:00,52.00,Crab - Imitation Flakes,Johanna,10,"",""
551,2021-06-27 00:00:00,2021-03-04 00:00:00,11.00,Coffee Cup 16oz Foam,Jermayne,6,"",""
552,2020-12-22 00:00:00,2020-09-29 00:00:00,3.00,Fennel - Seeds,Truda,10,"",""
553,2020-12-30 00:00:00,2020-12-31 00:00:00,90.00,Bread - Malt,Avery,11,"",""
554,2021-03-28 00:00:00,2020-11-06 00:00:00,94.00,Beer - Rickards Red,Ferdy,3,"",""
555,2021-03-20 00:00:00,2021-02-11 00:00:00,90.00,Glaze - Clear,Karlen,3,"",""
556,2020-12-24 00:00:00,2021-08-05 00:00:00,52.00,Chutney Sauce - Mango,Aloin,4,"",""
557,2021-05-25 00:00:00,2020-10-05 00:00:00,53.00,The Pop Shoppe - Root Beer,Samuele,11,"",""
558,2020-12-08 00:00:00,2021-06-10 00:00:00,79.00,Sping Loaded Cup Dispenser,Ugo,8,"",""
559,2021-02-09 00:00:00,2021-01-06 00:00:00,43.00,Wine - Rhine Riesling Wolf Blass,Hedwig,8,"",""
560,2021-02-03 00:00:00,2020-12-26 00:00:00,55.00,Wine - George Duboeuf Rose,Jeramie,5,"",""
561,2021-06-30 00:00:00,2021-08-20 00:00:00,97.00,Sprouts - Corn,Nannie,10,"",""
562,2021-09-13 00:00:00,2021-07-27 00:00:00,41.00,Carbonated Water - Blackberry,Kimberlyn,11,"",""
563,2020-11-30 00:00:00,2021-09-01 00:00:00,39.00,Island Oasis - Lemonade,Livy,5,"",""
564,2021-07-17 00:00:00,2020-11-16 00:00:00,51.00,"Mushroom - Morels, Dry",Michal,3,"",""
565,2021-01-09 00:00:00,2020-12-27 00:00:00,39.00,Muffin Mix - Banana Nut,Carlie,10,"",""
566,2021-08-30 00:00:00,2020-12-02 00:00:00,38.00,Wine - Pinot Noir Stoneleigh,Nydia,9,"",""
567,2021-02-21 00:00:00,2020-12-10 00:00:00,12.00,"Pork - Tenderloin, Frozen",Eugenie,11,"",""
568,2021-08-04 00:00:00,2021-01-06 00:00:00,20.00,Wine - Balbach Riverside,Care,9,"",""
569,2021-07-05 00:00:00,2021-06-28 00:00:00,49.00,Compound - Mocha,Pet,9,"",""
570,2021-01-07 00:00:00,2020-11-05 00:00:00,50.00,Soup - Campbells Broccoli,Gabbi,6,"",""
571,2021-06-25 00:00:00,2021-05-02 00:00:00,77.00,Pears - Anjou,Kasper,3,"",""
572,2021-01-24 00:00:00,2021-04-09 00:00:00,65.00,Oyster - In Shell,Loydie,7,"",""
573,2021-07-18 00:00:00,2021-06-14 00:00:00,93.00,Bread - White Mini Epi,Thorndike,5,"",""
574,2021-01-13 00:00:00,2020-10-07 00:00:00,2.00,Steampan - Lid For Half Size,Bambi,4,"",""
575,2021-04-03 00:00:00,2021-05-28 00:00:00,44.00,"Pasta - Lasagna Noodle, Frozen",Stephana,5,"",""
576,2021-05-31 00:00:00,2021-05-21 00:00:00,28.00,"Yogurt - Raspberry, 175 Gr",Ringo,1,"",""
577,2020-10-19 00:00:00,2021-01-27 00:00:00,84.00,"Sparkling Wine - Rose, Freixenet",Romy,11,"",""
578,2021-01-19 00:00:00,2020-12-17 00:00:00,37.00,V8 Pet,Jerrie,6,"",""
579,2021-04-05 00:00:00,2021-03-04 00:00:00,29.00,Pork - Sausage Casing,Bard,9,"",""
580,2021-08-21 00:00:00,2021-07-02 00:00:00,20.00,"Juice - Grapefruit, 341 Ml",Wally,6,"",""
581,2020-12-12 00:00:00,2021-03-05 00:00:00,85.00,Muffin Batt - Blueberry Passion,Theresina,2,"",""
582,2021-01-18 00:00:00,2020-09-17 00:00:00,95.00,Wine - Manischewitz Concord,Bibi,1,"",""
583,2021-02-28 00:00:00,2021-02-19 00:00:00,94.00,Lid Tray - 16in Dome,Charmain,9,"",""
584,2021-09-07 00:00:00,2021-09-04 00:00:00,42.00,Oil - Cooking Spray,Kata,11,"",""
585,2020-10-05 00:00:00,2021-08-25 00:00:00,26.00,Jerusalem Artichoke,Yul,4,"",""
586,2021-05-12 00:00:00,2021-07-18 00:00:00,10.00,Nectarines,Nata,8,"",""
587,2020-09-26 00:00:00,2021-04-29 00:00:00,88.00,Artichoke - Fresh,Daveen,7,"",""
588,2021-06-15 00:00:00,2021-02-06 00:00:00,43.00,Melon - Watermelon Yellow,Carmelia,9,"",""
589,2020-12-18 00:00:00,2021-07-25 00:00:00,26.00,Plastic Arrow Stir Stick,Estelle,1,"",""
590,2021-03-20 00:00:00,2020-12-26 00:00:00,26.00,Beef - Tenderloin - Aa,Emilia,2,"",""
591,2021-02-17 00:00:00,2020-10-28 00:00:00,68.00,"Wine - White, Ej Gallo",Ulises,7,"",""
592,2020-10-01 00:00:00,2020-10-10 00:00:00,98.00,Cake - Bande Of Fruit,Glen,5,"",""
593,2020-12-24 00:00:00,2021-08-12 00:00:00,63.00,"Juice - Cranberry, 341 Ml",Hersh,3,"",""
594,2021-08-11 00:00:00,2021-04-24 00:00:00,16.00,Wine - Fume Blanc Fetzer,Terrance,10,"",""
595,2021-05-27 00:00:00,2021-04-15 00:00:00,4.00,The Pop Shoppe - Lime Rickey,Clerkclaude,7,"",""
596,2020-10-12 00:00:00,2020-11-08 00:00:00,63.00,Garlic Powder,Bar,4,"",""
597,2021-04-23 00:00:00,2021-08-03 00:00:00,34.00,Chicken - Whole Roasting,Flory,10,"",""
598,2021-04-20 00:00:00,2021-01-10 00:00:00,82.00,Wine - Casillero Del Diablo,Ewen,7,"",""
599,2020-10-10 00:00:00,2020-12-03 00:00:00,11.00,Bread - Pain Au Liat X12,Nonie,1,"",""
600,2020-11-13 00:00:00,2020-10-21 00:00:00,50.00,Cheese - Pied De Vents,Junette,6,"",""
601,2020-12-20 00:00:00,2021-03-18 00:00:00,17.00,Bar - Granola Trail Mix Fruit Nut,Hetty,6,"",""
602,2020-12-25 00:00:00,2021-05-02 00:00:00,95.00,Pastry - Chocolate Marble Tea,Collie,9,"",""
603,2021-07-03 00:00:00,2021-04-30 00:00:00,70.00,Oil - Pumpkinseed,Niel,6,"",""
604,2021-07-11 00:00:00,2021-05-08 00:00:00,61.00,"Lemonade - Kiwi, 591 Ml",Theobald,1,"",""
605,2021-02-06 00:00:00,2021-08-18 00:00:00,71.00,Muskox - French Rack,Kynthia,10,"",""
606,2020-12-20 00:00:00,2020-09-23 00:00:00,83.00,Table Cloth 90x90 White,Darsie,11,"",""
607,2020-11-14 00:00:00,2020-10-11 00:00:00,63.00,"Lemonade - Strawberry, 591 Ml",Howey,6,"",""
608,2021-01-13 00:00:00,2020-11-13 00:00:00,36.00,"Veal - Round, Eye Of",Gaultiero,5,"",""
609,2021-03-14 00:00:00,2020-10-30 00:00:00,30.00,Broccoli - Fresh,Lucine,5,"",""
610,2020-12-12 00:00:00,2020-12-06 00:00:00,82.00,Wine - Riesling Dr. Pauly,Yancey,1,"",""
611,2020-11-16 00:00:00,2020-09-25 00:00:00,45.00,Miso - Soy Bean Paste,Ahmed,11,"",""
612,2021-08-05 00:00:00,2020-09-27 00:00:00,71.00,Instant Coffee,Milicent,8,"",""
613,2020-12-12 00:00:00,2021-03-08 00:00:00,44.00,Cheese - Brie,Lamond,8,"",""
614,2021-05-11 00:00:00,2020-11-11 00:00:00,88.00,Bagel - Whole White Sesame,Abra,3,"",""
615,2020-11-13 00:00:00,2021-01-06 00:00:00,22.00,Beans - Wax,Gustavus,1,"",""
616,2021-05-15 00:00:00,2021-01-08 00:00:00,59.00,Beef - Short Ribs,Kristi,8,"",""
617,2021-03-23 00:00:00,2021-05-09 00:00:00,79.00,Juice - V8 Splash,Gearalt,3,"",""
618,2020-09-23 00:00:00,2021-02-16 00:00:00,26.00,"Sauce - Bernaise, Mix",Roscoe,1,"",""
619,2021-08-30 00:00:00,2021-06-24 00:00:00,76.00,Wine - Guy Sage Touraine,Arleyne,8,"",""
620,2021-03-04 00:00:00,2021-05-15 00:00:00,14.00,Horseradish Root,Dorree,4,"",""
621,2020-12-03 00:00:00,2020-09-20 00:00:00,55.00,Pastrami,Winston,6,"",""
622,2021-08-22 00:00:00,2021-01-03 00:00:00,19.00,Wine - Beringer Founders Estate,Celine,8,"",""
623,2021-05-19 00:00:00,2021-03-11 00:00:00,4.00,Oysters - Smoked,Louisette,9,"",""
624,2021-09-12 00:00:00,2021-06-04 00:00:00,97.00,Vector Energy Bar,Mason,10,"",""
625,2021-02-09 00:00:00,2020-11-14 00:00:00,30.00,Milk - 2% 250 Ml,Kippy,1,"",""
626,2021-06-08 00:00:00,2021-09-12 00:00:00,73.00,Extract - Rum,Laurette,6,"",""
627,2021-04-16 00:00:00,2021-05-06 00:00:00,9.00,Cookie Trail Mix,Doll,5,"",""
628,2021-04-23 00:00:00,2021-07-25 00:00:00,48.00,"Pasta - Tortellini, Fresh",Clevie,5,"",""
629,2021-01-15 00:00:00,2021-02-07 00:00:00,50.00,"Bar Mix - Pina Colada, 355 Ml",Tabitha,9,"",""
630,2021-09-06 00:00:00,2020-11-18 00:00:00,4.00,Thyme - Dried,Annemarie,7,"",""
631,2021-01-22 00:00:00,2020-10-12 00:00:00,24.00,"Bread - Bagels, Plain",Merilyn,7,"",""
632,2020-12-09 00:00:00,2021-06-08 00:00:00,18.00,Tart - Lemon,Isidoro,2,"",""
633,2021-04-15 00:00:00,2020-09-23 00:00:00,73.00,Cup - Translucent 7 Oz Clear,Rafaelita,10,"",""
634,2021-07-17 00:00:00,2021-06-02 00:00:00,60.00,Sauce - Oyster,Any,10,"",""
635,2021-07-11 00:00:00,2020-12-23 00:00:00,58.00,Chef Hat 20cm,Taddeusz,11,"",""
636,2021-03-23 00:00:00,2021-04-15 00:00:00,57.00,Cookie Chocolate Chip With,Wyatan,2,"",""
637,2021-02-09 00:00:00,2021-08-23 00:00:00,85.00,"Bread - Roll, Canadian Dinner",Huntlee,11,"",""
638,2021-03-06 00:00:00,2020-12-24 00:00:00,48.00,Cheese - Mix,Herman,4,"",""
639,2021-05-07 00:00:00,2020-09-18 00:00:00,47.00,Wine - Savigny - Les - Beaune,Rebe,6,"",""
640,2020-10-19 00:00:00,2021-08-29 00:00:00,33.00,Bagel - Everything,Mervin,10,"",""
641,2021-09-14 00:00:00,2020-10-24 00:00:00,65.00,"Chilli Paste, Hot Sambal Oelek",Kimmie,7,"",""
642,2021-08-13 00:00:00,2020-11-27 00:00:00,78.00,Apple - Fuji,Claudette,4,"",""
643,2021-06-30 00:00:00,2020-12-13 00:00:00,57.00,Lamb Rack - Ontario,Lazarus,1,"",""
644,2021-07-11 00:00:00,2021-05-05 00:00:00,7.00,Chips Potato Salt Vinegar 43g,Antin,1,"",""
645,2021-07-23 00:00:00,2021-07-15 00:00:00,89.00,Vector Energy Bar,Justinian,1,"",""
646,2021-02-28 00:00:00,2021-06-17 00:00:00,55.00,Evaporated Milk - Skim,Viola,3,"",""
647,2020-12-25 00:00:00,2021-07-05 00:00:00,79.00,"Nut - Walnut, Pieces",Elton,1,"",""
648,2021-06-29 00:00:00,2020-11-08 00:00:00,44.00,Pork - Smoked Back Bacon,Celia,6,"",""
649,2020-09-23 00:00:00,2021-04-22 00:00:00,68.00,Curry Paste - Green Masala,Melicent,6,"",""
650,2021-08-13 00:00:00,2021-04-14 00:00:00,27.00,Puree - Pear,Jeffie,11,"",""
651,2021-04-25 00:00:00,2021-01-06 00:00:00,30.00,Bagel - Plain,Ali,2,"",""
652,2021-01-26 00:00:00,2020-10-20 00:00:00,63.00,Tea Peppermint,Jourdain,10,"",""
653,2020-10-10 00:00:00,2020-11-02 00:00:00,100.00,Isomalt,Evania,10,"",""
654,2020-09-26 00:00:00,2021-05-22 00:00:00,73.00,Tea - Apple Green Tea,Rabbi,7,"",""
655,2021-03-29 00:00:00,2021-05-15 00:00:00,87.00,"Star Anise, Whole",Tessa,7,"",""
656,2021-03-14 00:00:00,2021-06-26 00:00:00,9.00,Wine - Maipo Valle Cabernet,Lainey,2,"",""
657,2021-01-08 00:00:00,2020-09-30 00:00:00,65.00,"Wine - White, Pelee Island",Sheridan,9,"",""
658,2020-11-17 00:00:00,2021-01-26 00:00:00,12.00,Bread - Raisin,Pascal,8,"",""
659,2021-04-24 00:00:00,2021-05-24 00:00:00,62.00,Lid Coffee Cup 8oz Blk,Worthington,11,"",""
660,2020-11-17 00:00:00,2021-01-08 00:00:00,36.00,"Turkey - Breast, Boneless Sk On",Auguste,10,"",""
661,2021-07-31 00:00:00,2021-07-20 00:00:00,34.00,Juice - V8 Splash,Niki,5,"",""
662,2021-05-01 00:00:00,2021-03-04 00:00:00,61.00,"Wine - Harrow Estates, Vidal",Ettie,5,"",""
663,2021-02-09 00:00:00,2021-08-03 00:00:00,71.00,"Soup - Clam Chowder, Dry Mix",Augie,9,"",""
664,2021-04-22 00:00:00,2021-03-25 00:00:00,93.00,Pastry - French Mini Assorted,Kimberli,6,"",""
665,2021-02-09 00:00:00,2021-03-30 00:00:00,39.00,Potatoes - Parissienne,Cati,6,"",""
666,2021-03-03 00:00:00,2021-04-24 00:00:00,33.00,Lamb - Ground,Monica,9,"",""
667,2021-03-26 00:00:00,2021-07-30 00:00:00,1.00,Peach - Halves,Vassili,7,"",""
668,2021-08-21 00:00:00,2020-11-07 00:00:00,48.00,Pizza Pizza Dough,Shurwood,5,"",""
669,2020-09-27 00:00:00,2021-02-07 00:00:00,46.00,"Beef - Ox Tail, Frozen",Mathias,3,"",""
670,2021-03-25 00:00:00,2021-08-12 00:00:00,43.00,Wine - Barossa Valley Estate,Torrin,10,"",""
671,2021-08-26 00:00:00,2020-12-10 00:00:00,79.00,"Pasta - Lasagna, Dry",Paddie,7,"",""
672,2021-05-30 00:00:00,2020-09-28 00:00:00,3.00,Monkfish - Fresh,Dudley,6,"",""
673,2020-09-26 00:00:00,2021-09-05 00:00:00,47.00,"Pasta - Penne Primavera, Single",Raimund,8,"",""
674,2021-09-01 00:00:00,2021-06-28 00:00:00,8.00,Sage - Rubbed,Blaine,10,"",""
675,2020-11-16 00:00:00,2020-10-23 00:00:00,87.00,"Mushrooms - Black, Dried",Winston,6,"",""
676,2021-07-29 00:00:00,2021-04-09 00:00:00,20.00,"Turkey - Breast, Boneless Sk On",Magdalena,9,"",""
677,2021-01-07 00:00:00,2020-12-23 00:00:00,61.00,"Bread - Pita, Mini",Theressa,3,"",""
678,2021-01-23 00:00:00,2021-04-21 00:00:00,96.00,Vinegar - Sherry,Ernesto,9,"",""
679,2020-11-27 00:00:00,2021-03-16 00:00:00,68.00,Cheese - Cheddarsliced,Gonzales,5,"",""
680,2021-05-13 00:00:00,2020-12-25 00:00:00,45.00,Wine - Sawmill Creek Autumn,Wolf,10,"",""
681,2021-02-07 00:00:00,2021-08-19 00:00:00,37.00,Cheese - Parmigiano Reggiano,Nanny,9,"",""
682,2021-03-10 00:00:00,2020-11-18 00:00:00,27.00,Eggplant - Asian,Anitra,4,"",""
683,2020-11-15 00:00:00,2020-10-15 00:00:00,9.00,Potatoes - Idaho 100 Count,Ailis,2,"",""
684,2021-01-21 00:00:00,2020-10-25 00:00:00,28.00,Pie Filling - Apple,Steffie,10,"",""
685,2021-03-02 00:00:00,2021-03-09 00:00:00,49.00,"Wine - White, Antinore Orvieto",Silas,11,"",""
686,2021-06-07 00:00:00,2021-03-31 00:00:00,43.00,Pepper - Cayenne,Xymenes,4,"",""
687,2020-10-26 00:00:00,2021-07-31 00:00:00,91.00,Bread - Sour Batard,Anson,6,"",""
688,2020-11-27 00:00:00,2021-03-26 00:00:00,40.00,"Beans - Long, Chinese",Rodge,5,"",""
689,2021-03-24 00:00:00,2020-09-26 00:00:00,17.00,Pear - Halves,Vilhelmina,9,"",""
690,2021-07-06 00:00:00,2020-11-10 00:00:00,90.00,Carbonated Water - Blackberry,Megan,8,"",""
691,2020-09-30 00:00:00,2021-07-11 00:00:00,74.00,"Pork - Loin, Boneless",Gib,1,"",""
692,2021-04-18 00:00:00,2021-02-09 00:00:00,2.00,"Pepper - Green, Chili",Leeanne,3,"",""
693,2021-06-15 00:00:00,2020-11-04 00:00:00,31.00,Wine - Malbec Trapiche Reserve,Aviva,9,"",""
694,2020-09-30 00:00:00,2021-05-21 00:00:00,41.00,"Tomatoes - Plum, Canned",Winonah,5,"",""
695,2020-12-18 00:00:00,2021-07-17 00:00:00,65.00,"Cheese - Havarti, Salsa",Thacher,9,"",""
696,2021-07-16 00:00:00,2020-10-25 00:00:00,7.00,"Artichoke - Bottom, Canned",Almira,7,"",""
697,2021-08-29 00:00:00,2021-06-29 00:00:00,14.00,Cherries - Frozen,Addi,7,"",""
698,2021-08-31 00:00:00,2021-07-21 00:00:00,50.00,Food Colouring - Blue,Mirelle,1,"",""
699,2021-09-09 00:00:00,2020-11-02 00:00:00,17.00,Tea Leaves - Oolong,Eldin,6,"",""
700,2021-06-07 00:00:00,2021-08-22 00:00:00,79.00,"Pork - Loin, Boneless",Orion,4,"",""
701,2020-10-03 00:00:00,2021-08-21 00:00:00,79.00,Cheese - Cheddar With Claret,Andie,11,"",""
702,2020-11-20 00:00:00,2021-05-23 00:00:00,76.00,Mussels - Cultivated,Joana,11,"",""
703,2020-10-26 00:00:00,2021-06-06 00:00:00,60.00,Wooden Mop Handle,Wolfgang,1,"",""
704,2021-06-17 00:00:00,2020-11-20 00:00:00,16.00,"Syrup - Monin, Irish Cream",Solomon,3,"",""
705,2021-02-23 00:00:00,2020-09-21 00:00:00,7.00,Beef Cheek Fresh,Rodge,2,"",""
706,2021-04-03 00:00:00,2021-03-19 00:00:00,46.00,Shrimp - Black Tiger 13/15,Jacklin,11,"",""
707,2020-10-13 00:00:00,2021-07-02 00:00:00,22.00,Napkin - Beverage 1 Ply,Martha,3,"",""
708,2021-05-28 00:00:00,2020-11-16 00:00:00,53.00,Tomatoes Tear Drop,Dal,3,"",""
709,2021-07-31 00:00:00,2020-10-25 00:00:00,31.00,"Crush - Grape, 355 Ml",Roarke,6,"",""
710,2021-03-19 00:00:00,2021-03-11 00:00:00,29.00,Coconut Milk - Unsweetened,Alley,8,"",""
711,2021-02-07 00:00:00,2020-09-26 00:00:00,28.00,"Pork - Ham, Virginia",Goldina,11,"",""
712,2020-10-12 00:00:00,2021-06-09 00:00:00,89.00,Thyme - Fresh,Orton,7,"",""
713,2020-11-23 00:00:00,2020-10-22 00:00:00,85.00,"Veal - Tenderloin, Untrimmed",Micki,5,"",""
714,2020-12-08 00:00:00,2021-05-25 00:00:00,92.00,Black Currants,Francisca,1,"",""
715,2021-03-21 00:00:00,2021-04-16 00:00:00,33.00,Chives - Fresh,Skippie,11,"",""
716,2021-03-24 00:00:00,2020-12-05 00:00:00,34.00,"Pasta - Rotini, Dry",Aretha,8,"",""
717,2021-03-26 00:00:00,2020-09-17 00:00:00,44.00,Turnip - White,Heindrick,5,"",""
718,2021-07-19 00:00:00,2021-08-06 00:00:00,5.00,Tea - Herbal - 6 Asst,Granny,4,"",""
719,2021-04-18 00:00:00,2021-06-07 00:00:00,70.00,Juice - Happy Planet,Dacy,1,"",""
720,2021-08-08 00:00:00,2021-03-25 00:00:00,54.00,Flour - Semolina,Alonzo,4,"",""
721,2021-01-03 00:00:00,2021-01-13 00:00:00,12.00,"Pineapple - Canned, Rings",Kristen,7,"",""
722,2021-05-24 00:00:00,2021-06-17 00:00:00,2.00,"Salmon - Atlantic, No Skin",Rossie,1,"",""
723,2021-06-10 00:00:00,2021-02-03 00:00:00,38.00,Oil - Macadamia,Reggy,5,"",""
724,2021-08-17 00:00:00,2021-05-06 00:00:00,8.00,Kolrabi,Lanie,10,"",""
725,2021-03-05 00:00:00,2020-10-03 00:00:00,25.00,Baking Powder,Kerry,3,"",""
726,2020-10-07 00:00:00,2021-03-21 00:00:00,35.00,Appetizer - Lobster Phyllo Roll,Darby,4,"",""
727,2020-09-29 00:00:00,2021-05-06 00:00:00,34.00,Cup - 8oz Coffee Perforated,Jaclin,10,"",""
728,2021-05-14 00:00:00,2021-05-12 00:00:00,25.00,"Beef - Roasted, Cooked",Blanch,5,"",""
729,2021-05-14 00:00:00,2021-04-07 00:00:00,69.00,Vodka - Moskovskaya,Jo,8,"",""
730,2021-06-17 00:00:00,2021-02-10 00:00:00,77.00,Bread - Calabrese Baguette,Emmett,11,"",""
731,2021-03-24 00:00:00,2020-11-04 00:00:00,45.00,Tuna - Bluefin,Gawen,11,"",""
732,2021-01-20 00:00:00,2021-04-17 00:00:00,63.00,Edible Flower - Mixed,Riane,11,"",""
733,2021-05-20 00:00:00,2021-08-20 00:00:00,79.00,Snapple Lemon Tea,Juli,8,"",""
734,2020-10-14 00:00:00,2021-06-27 00:00:00,29.00,Sugar - Icing,Melessa,9,"",""
735,2021-07-06 00:00:00,2021-06-30 00:00:00,53.00,Devonshire Cream,Arleyne,9,"",""
736,2021-02-02 00:00:00,2021-07-03 00:00:00,9.00,Ham - Virginia,Waldemar,8,"",""
737,2021-07-27 00:00:00,2021-04-03 00:00:00,1.00,Lettuce - Baby Salad Greens,Reggi,10,"",""
738,2021-05-23 00:00:00,2021-03-15 00:00:00,4.00,English Muffin,Mal,6,"",""
739,2021-07-22 00:00:00,2021-01-06 00:00:00,64.00,Grapefruit - White,Bailey,9,"",""
740,2020-09-20 00:00:00,2021-03-22 00:00:00,18.00,"Red Snapper - Fillet, Skin On",Caz,5,"",""
741,2021-02-10 00:00:00,2021-03-14 00:00:00,96.00,"Roe - Lump Fish, Red",Tabbitha,10,"",""
742,2021-04-18 00:00:00,2020-12-22 00:00:00,54.00,Olives - Morracan Dired,Bobby,10,"",""
743,2020-10-06 00:00:00,2020-10-10 00:00:00,52.00,"Cherries - Maraschino,jar",Tony,9,"",""
744,2021-06-04 00:00:00,2020-12-24 00:00:00,96.00,Pasta - Agnolotti - Butternut,Indira,2,"",""
745,2021-07-16 00:00:00,2020-10-20 00:00:00,88.00,Hinge W Undercut,Ranna,6,"",""
746,2020-12-17 00:00:00,2020-11-17 00:00:00,60.00,"Wine - White, Gewurtzraminer",Audi,3,"",""
747,2020-12-22 00:00:00,2020-12-01 00:00:00,65.00,Chocolate - Dark Callets,Ulises,4,"",""
748,2021-01-21 00:00:00,2021-03-16 00:00:00,26.00,Cornflakes,Matty,3,"",""
749,2021-01-04 00:00:00,2021-05-17 00:00:00,48.00,Relish,Gabriela,11,"",""
750,2020-10-19 00:00:00,2021-05-22 00:00:00,76.00,Flour - Strong Pizza,Shel,4,"",""
751,2021-07-04 00:00:00,2020-11-12 00:00:00,41.00,Trueblue - Blueberry 12x473ml,Fey,7,"",""
752,2020-10-15 00:00:00,2021-05-26 00:00:00,10.00,Island Oasis - Cappucino Mix,Aleta,11,"",""
753,2021-04-12 00:00:00,2020-10-25 00:00:00,46.00,Cheese - Victor Et Berthold,Averil,11,"",""
754,2021-02-15 00:00:00,2021-03-10 00:00:00,40.00,Salad Dressing,Fiorenze,9,"",""
755,2021-08-01 00:00:00,2020-12-21 00:00:00,91.00,Yoghurt Tubes,Holden,4,"",""
756,2021-02-03 00:00:00,2021-03-21 00:00:00,5.00,Grand Marnier,Aymer,2,"",""
757,2021-02-08 00:00:00,2021-05-23 00:00:00,90.00,"Stock - Beef, White",Kasper,10,"",""
758,2021-04-15 00:00:00,2021-06-16 00:00:00,90.00,Pop Shoppe Cream Soda,Harriett,8,"",""
759,2021-04-20 00:00:00,2021-07-20 00:00:00,66.00,Vinegar - Tarragon,Daisi,1,"",""
760,2020-09-21 00:00:00,2020-11-22 00:00:00,13.00,Bread - Hot Dog Buns,Alethea,4,"",""
761,2021-05-03 00:00:00,2021-08-27 00:00:00,36.00,Snapple - Mango Maddness,Cort,2,"",""
762,2021-06-26 00:00:00,2021-03-07 00:00:00,87.00,Veal - Eye Of Round,Nicolle,11,"",""
763,2020-10-02 00:00:00,2021-06-27 00:00:00,74.00,Appetizer - Chicken Satay,Atalanta,2,"",""
764,2021-02-24 00:00:00,2021-02-10 00:00:00,88.00,Nestea - Iced Tea,Annadiana,11,"",""
765,2021-01-19 00:00:00,2021-05-17 00:00:00,73.00,"Soup - Knorr, Veg / Beef",Ly,4,"",""
766,2020-11-24 00:00:00,2021-01-06 00:00:00,31.00,Pie Filling - Pumpkin,Margalit,7,"",""
767,2021-08-03 00:00:00,2021-04-28 00:00:00,100.00,"Wine - White, Mosel Gold",Erminie,2,"",""
768,2021-07-31 00:00:00,2020-11-17 00:00:00,31.00,"Soup - Campbells, Spinach Crm",Nerte,11,"",""
769,2020-09-23 00:00:00,2021-07-17 00:00:00,14.00,"Doilies - 12, Paper",Rem,3,"",""
770,2021-01-11 00:00:00,2021-04-20 00:00:00,22.00,Bread - Raisin Walnut Pull,Toby,6,"",""
771,2021-06-21 00:00:00,2020-12-14 00:00:00,90.00,Oysters - Smoked,Karyl,9,"",""
772,2021-02-17 00:00:00,2021-05-17 00:00:00,86.00,Beer - Sleemans Honey Brown,Jami,2,"",""
773,2021-02-10 00:00:00,2021-04-05 00:00:00,93.00,Soupfoamcont12oz 112con,Vivia,8,"",""
774,2020-12-23 00:00:00,2021-05-16 00:00:00,96.00,Wine - Red Oakridge Merlot,Mattheus,8,"",""
775,2021-09-03 00:00:00,2021-05-24 00:00:00,91.00,Truffle - Whole Black Peeled,Arlyne,7,"",""
776,2021-06-03 00:00:00,2021-07-04 00:00:00,10.00,Bread - Rosemary Focaccia,Mirabelle,9,"",""
777,2021-01-09 00:00:00,2021-03-01 00:00:00,46.00,Wine - Rosso Del Veronese Igt,Fey,2,"",""
778,2021-07-16 00:00:00,2021-07-23 00:00:00,86.00,Beans - Yellow,Yul,6,"",""
779,2021-08-31 00:00:00,2021-09-05 00:00:00,42.00,Gingerale - Diet - Schweppes,Lethia,10,"",""
780,2020-10-05 00:00:00,2021-08-23 00:00:00,97.00,Oil - Olive Bertolli,Cayla,9,"",""
781,2020-10-23 00:00:00,2020-12-17 00:00:00,46.00,Glass Clear 7 Oz Xl,Kele,4,"",""
782,2020-11-11 00:00:00,2021-03-24 00:00:00,48.00,"Tomatoes - Vine Ripe, Red",Broddy,2,"",""
783,2020-11-24 00:00:00,2020-11-13 00:00:00,32.00,Wine - Rosso Del Veronese Igt,Marlo,10,"",""
784,2021-09-08 00:00:00,2021-03-02 00:00:00,42.00,Garlic,Hallie,9,"",""
785,2020-10-27 00:00:00,2021-03-12 00:00:00,4.00,Butter Ripple - Phillips,Renee,4,"",""
786,2021-06-24 00:00:00,2020-10-23 00:00:00,91.00,Onions - Spanish,Brook,3,"",""
787,2021-04-19 00:00:00,2020-12-15 00:00:00,25.00,Bread - Calabrese Baguette,Kalindi,1,"",""
788,2020-11-03 00:00:00,2021-05-24 00:00:00,46.00,"Bread - Crumbs, Bulk",Rudyard,10,"",""
789,2021-03-10 00:00:00,2021-06-17 00:00:00,60.00,Chocolate - Chips Compound,Boniface,10,"",""
790,2021-04-01 00:00:00,2021-01-24 00:00:00,40.00,Foil - 4oz Custard Cup,Gasper,11,"",""
791,2021-08-14 00:00:00,2021-04-20 00:00:00,3.00,"Wine - Magnotta - Red, Baco",Jayne,2,"",""
792,2020-11-09 00:00:00,2020-12-12 00:00:00,14.00,"Veal - Brisket, Provimi,bnls",Billie,9,"",""
793,2021-05-29 00:00:00,2020-12-19 00:00:00,78.00,Haggis,Monte,8,"",""
794,2020-10-02 00:00:00,2020-11-29 00:00:00,33.00,"Soup - Clam Chowder, Dry Mix",Binni,10,"",""
795,2021-03-24 00:00:00,2020-09-29 00:00:00,96.00,"Asparagus - White, Canned",Rafaellle,5,"",""
796,2021-05-11 00:00:00,2020-11-17 00:00:00,87.00,"Bread - Roll, Canadian Dinner",Harcourt,4,"",""
797,2021-04-08 00:00:00,2021-04-20 00:00:00,27.00,Baking Soda,Kai,5,"",""
798,2021-01-12 00:00:00,2020-11-26 00:00:00,53.00,Vinegar - Rice,Theodor,3,"",""
799,2021-09-10 00:00:00,2021-04-15 00:00:00,51.00,Lime Cordial - Roses,Emelda,11,"",""
800,2020-11-21 00:00:00,2021-05-01 00:00:00,60.00,Creme De Banane - Marie,Annetta,10,"",""
801,2021-09-11 00:00:00,2021-01-06 00:00:00,88.00,Peas Snow,Leandra,7,"",""
802,2021-08-04 00:00:00,2021-05-08 00:00:00,94.00,Vol Au Vents,Waverly,5,"",""
803,2021-06-02 00:00:00,2021-05-24 00:00:00,42.00,Tomatoes - Roma,Kizzee,2,"",""
804,2021-01-19 00:00:00,2021-08-28 00:00:00,22.00,Bread - Malt,Ianthe,5,"",""
805,2021-01-16 00:00:00,2021-06-08 00:00:00,73.00,"Bread - Roll, Soft White Round",Natividad,10,"",""
806,2020-12-06 00:00:00,2021-04-23 00:00:00,67.00,Tomato Puree,Marcello,1,"",""
807,2020-11-05 00:00:00,2020-12-21 00:00:00,33.00,Island Oasis - Lemonade,Joby,5,"",""
808,2021-01-30 00:00:00,2021-01-26 00:00:00,8.00,"Soup - Campbells, Butternut",Darla,2,"",""
809,2021-01-21 00:00:00,2020-12-07 00:00:00,86.00,Compound - Pear,Daveta,5,"",""
810,2020-11-20 00:00:00,2021-07-01 00:00:00,94.00,Cabbage - Green,Brunhilde,6,"",""
811,2020-10-13 00:00:00,2021-08-16 00:00:00,15.00,Seabream Whole Farmed,Lock,4,"",""
812,2020-10-25 00:00:00,2021-01-22 00:00:00,64.00,Sausage - Blood Pudding,Franchot,4,"",""
813,2021-07-07 00:00:00,2021-01-08 00:00:00,25.00,Sherbet - Raspberry,Cherye,5,"",""
814,2021-06-23 00:00:00,2021-04-05 00:00:00,92.00,"Coffee - Colombian, Portioned",Lea,2,"",""
815,2021-06-28 00:00:00,2021-07-12 00:00:00,92.00,"Beans - Black Bean, Preserved",Randy,5,"",""
816,2021-05-29 00:00:00,2020-09-25 00:00:00,73.00,"Tomatoes - Plum, Canned",Dale,7,"",""
817,2021-09-10 00:00:00,2021-08-30 00:00:00,65.00,English Muffin,Mable,11,"",""
818,2020-12-03 00:00:00,2020-09-26 00:00:00,60.00,"Soup - Campbells, Classic Chix",Gussy,11,"",""
819,2020-11-30 00:00:00,2021-07-06 00:00:00,80.00,Potatoes - Mini White 3 Oz,Robin,9,"",""
820,2021-06-23 00:00:00,2020-12-19 00:00:00,40.00,Ocean Spray - Ruby Red,Florette,11,"",""
821,2021-04-07 00:00:00,2021-08-22 00:00:00,24.00,"Apple - Delicious, Red",Binny,8,"",""
822,2020-09-21 00:00:00,2021-06-06 00:00:00,67.00,Irish Cream - Baileys,Joly,4,"",""
823,2021-08-21 00:00:00,2021-07-25 00:00:00,48.00,"Wine - White, Lindemans Bin 95",Allie,9,"",""
824,2020-12-14 00:00:00,2020-12-15 00:00:00,46.00,Milk - Chocolate 500ml,Maris,8,"",""
825,2021-06-17 00:00:00,2021-01-06 00:00:00,73.00,"Pasta - Tortellini, Fresh",Gail,4,"",""
826,2021-04-21 00:00:00,2021-06-24 00:00:00,66.00,"Pepsi, 355 Ml",Miranda,6,"",""
827,2020-09-30 00:00:00,2021-03-12 00:00:00,36.00,"Croissant, Raw - Mini",Hadleigh,7,"",""
828,2020-11-26 00:00:00,2020-10-25 00:00:00,31.00,Veal - Striploin,Georgianna,4,"",""
829,2021-02-17 00:00:00,2021-01-28 00:00:00,15.00,Sherry - Dry,Lennard,11,"",""
830,2020-10-03 00:00:00,2021-09-02 00:00:00,79.00,Mussels - Frozen,Kenn,7,"",""
831,2021-04-25 00:00:00,2021-09-11 00:00:00,86.00,Langers - Mango Nectar,Audre,2,"",""
832,2021-04-26 00:00:00,2021-07-28 00:00:00,11.00,"Potatoes - Instant, Mashed",Helyn,1,"",""
833,2021-06-13 00:00:00,2021-04-28 00:00:00,4.00,Lettuce - Radicchio,Adolph,8,"",""
834,2021-08-22 00:00:00,2020-10-23 00:00:00,63.00,Oil - Coconut,Gertrud,3,"",""
835,2021-05-02 00:00:00,2021-06-11 00:00:00,99.00,"Juice - Apple, 341 Ml",Lenette,1,"",""
836,2021-07-07 00:00:00,2020-09-18 00:00:00,70.00,"Thyme - Lemon, Fresh",Leodora,7,"",""
837,2020-11-06 00:00:00,2021-02-26 00:00:00,85.00,Rice - Wild,Grant,8,"",""
838,2021-09-09 00:00:00,2021-05-07 00:00:00,31.00,Dome Lid Clear P92008h,Kingston,8,"",""
839,2020-12-23 00:00:00,2020-09-23 00:00:00,30.00,Raspberries - Frozen,Payton,5,"",""
840,2020-10-21 00:00:00,2021-01-15 00:00:00,37.00,Glass Clear 8 Oz,Shelbi,1,"",""
841,2021-01-14 00:00:00,2021-05-14 00:00:00,75.00,Higashimaru Usukuchi Soy,Barry,9,"",""
842,2021-02-26 00:00:00,2021-06-29 00:00:00,55.00,Laundry - Bag Cloth,Nana,11,"",""
843,2021-03-29 00:00:00,2020-12-06 00:00:00,69.00,Garlic - Peeled,Mick,5,"",""
844,2021-03-04 00:00:00,2021-08-03 00:00:00,75.00,"Soup - Knorr, Classic Can. Chili",Paula,4,"",""
845,2021-01-16 00:00:00,2021-03-25 00:00:00,17.00,Chips Potato All Dressed - 43g,Carlen,3,"",""
846,2021-06-08 00:00:00,2020-10-05 00:00:00,84.00,Nantucket - Pomegranate Pear,Fernande,3,"",""
847,2021-01-28 00:00:00,2021-03-24 00:00:00,76.00,Wine - Barossa Valley Estate,Modestine,5,"",""
848,2021-02-11 00:00:00,2021-06-09 00:00:00,45.00,Flour - Strong,Sidnee,5,"",""
849,2021-06-25 00:00:00,2020-10-05 00:00:00,52.00,Ostrich - Fan Fillet,Derwin,9,"",""
850,2021-06-07 00:00:00,2020-10-06 00:00:00,67.00,Truffle Cups Green,Flory,10,"",""
851,2021-08-17 00:00:00,2020-10-13 00:00:00,90.00,Wine - Valpolicella Masi,Gar,8,"",""
852,2021-08-28 00:00:00,2020-10-17 00:00:00,87.00,Bread Fig And Almond,Lin,11,"",""
853,2021-04-28 00:00:00,2021-01-15 00:00:00,38.00,"Pepper - Chillies, Crushed",Baillie,10,"",""
854,2021-02-25 00:00:00,2021-04-04 00:00:00,60.00,Mustard - Dijon,Wainwright,6,"",""
855,2020-09-25 00:00:00,2021-09-10 00:00:00,38.00,Vaccum Bag - 14x20,Hamish,8,"",""
856,2020-11-10 00:00:00,2021-08-24 00:00:00,51.00,Almonds Ground Blanched,Andris,2,"",""
857,2020-10-26 00:00:00,2021-03-02 00:00:00,10.00,Wine - Sauvignon Blanc,Barnabas,6,"",""
858,2021-09-13 00:00:00,2021-03-26 00:00:00,91.00,Garlic - Elephant,Olva,4,"",""
859,2021-07-22 00:00:00,2021-01-22 00:00:00,30.00,Compound - Passion Fruit,Jorgan,10,"",""
860,2021-05-31 00:00:00,2021-05-27 00:00:00,66.00,Lotus Rootlets - Canned,Hanan,7,"",""
861,2021-08-24 00:00:00,2021-06-21 00:00:00,89.00,Horseradish - Prepared,Philly,3,"",""
862,2021-09-02 00:00:00,2021-07-06 00:00:00,99.00,Red Currant Jelly,Silvanus,3,"",""
863,2021-01-07 00:00:00,2020-11-26 00:00:00,15.00,Bread - Corn Muffaleta Onion,Izabel,5,"",""
864,2021-06-23 00:00:00,2021-01-05 00:00:00,1.00,Ecolab Digiclean Mild Fm,Boyce,6,"",""
865,2021-05-04 00:00:00,2021-02-03 00:00:00,93.00,"Tart Shells - Savory, 3",Jammal,4,"",""
866,2021-02-22 00:00:00,2020-09-25 00:00:00,48.00,Langers - Cranberry Cocktail,Odey,3,"",""
867,2021-06-27 00:00:00,2021-04-27 00:00:00,20.00,Red Pepper Paste,Jilly,10,"",""
868,2021-05-10 00:00:00,2021-01-25 00:00:00,51.00,Bag Stand,Garth,11,"",""
869,2021-04-09 00:00:00,2021-09-14 00:00:00,36.00,Cookies Cereal Nut,Adara,11,"",""
870,2021-07-14 00:00:00,2021-01-23 00:00:00,76.00,Dasheen,Hamil,9,"",""
871,2021-04-25 00:00:00,2020-10-14 00:00:00,20.00,Veal - Heart,Dari,3,"",""
872,2021-04-11 00:00:00,2021-06-29 00:00:00,8.00,Table Cloth 120 Round White,Hastie,10,"",""
873,2021-01-29 00:00:00,2021-06-08 00:00:00,28.00,Trueblue - Blueberry Cranberry,Cara,5,"",""
874,2021-01-11 00:00:00,2020-09-18 00:00:00,71.00,Chinese Lemon Pork,Galvin,8,"",""
875,2021-05-08 00:00:00,2021-06-20 00:00:00,93.00,Currants,Bax,11,"",""
876,2020-09-16 00:00:00,2021-06-28 00:00:00,43.00,"Wine - Magnotta, White",Shae,9,"",""
877,2021-01-04 00:00:00,2021-05-22 00:00:00,79.00,Oil - Cooking Spray,Samaria,3,"",""
878,2020-09-22 00:00:00,2020-09-15 00:00:00,48.00,"Pepper - Julienne, Frozen",Herman,6,"",""
879,2020-10-05 00:00:00,2021-03-07 00:00:00,44.00,"Beef - Rib Roast, Capless",Jeddy,1,"",""
880,2021-03-16 00:00:00,2020-12-10 00:00:00,32.00,Wine - Trimbach Pinot Blanc,Corrianne,8,"",""
881,2020-10-29 00:00:00,2021-07-15 00:00:00,43.00,Curry Powder,Maddi,2,"",""
882,2021-05-14 00:00:00,2021-09-12 00:00:00,73.00,Squash - Acorn,Thorvald,8,"",""
883,2021-02-12 00:00:00,2021-08-25 00:00:00,17.00,Veal - Loin,Thatch,11,"",""
884,2021-02-26 00:00:00,2020-10-27 00:00:00,77.00,Beef Ground Medium,Doro,9,"",""
885,2021-07-28 00:00:00,2020-12-13 00:00:00,100.00,Beer - Creemore,Vladamir,1,"",""
886,2021-05-22 00:00:00,2021-06-06 00:00:00,71.00,Sesame Seed Black,Cherri,1,"",""
887,2021-05-01 00:00:00,2020-12-28 00:00:00,12.00,Cinnamon Rolls,Broderic,1,"",""
888,2021-06-28 00:00:00,2021-07-09 00:00:00,20.00,Flavouring - Raspberry,Malynda,2,"",""
889,2021-09-14 00:00:00,2021-02-18 00:00:00,47.00,Wine - Magnotta - Cab Franc,Gregoor,6,"",""
890,2021-08-27 00:00:00,2021-04-06 00:00:00,12.00,"Mushroom - Enoki, Fresh",Skippy,2,"",""
891,2021-03-18 00:00:00,2020-11-14 00:00:00,96.00,Veal - Liver,Avivah,11,"",""
892,2021-06-06 00:00:00,2020-10-05 00:00:00,83.00,"Pasta - Bauletti, Chicken White",Dun,7,"",""
893,2021-07-25 00:00:00,2021-04-14 00:00:00,15.00,Quail - Jumbo,Roseline,11,"",""
894,2021-03-29 00:00:00,2020-11-14 00:00:00,39.00,Southern Comfort,Herschel,1,"",""
895,2021-07-17 00:00:00,2021-02-04 00:00:00,73.00,"Wine - White, Cooking",Benedicto,4,"",""
896,2021-06-03 00:00:00,2021-04-27 00:00:00,40.00,Sole - Iqf,Rycca,4,"",""
897,2021-06-29 00:00:00,2021-08-28 00:00:00,38.00,Foam Dinner Plate,Donny,8,"",""
898,2020-10-14 00:00:00,2021-08-17 00:00:00,59.00,"Wine - White, Ej",Cammi,5,"",""
899,2021-08-23 00:00:00,2021-01-01 00:00:00,79.00,Bread - Sour Batard,Kitti,2,"",""
900,2021-06-03 00:00:00,2020-10-09 00:00:00,10.00,V8 - Tropical Blend,Kingston,5,"",""
901,2021-04-25 00:00:00,2020-11-23 00:00:00,43.00,Juice - Lagoon Mango,Rory,9,"",""
902,2020-10-15 00:00:00,2021-03-12 00:00:00,5.00,Table Cloth 62x114 Colour,Salvidor,5,"",""
903,2021-04-27 00:00:00,2020-10-03 00:00:00,45.00,Beef - Shank,Josie,11,"",""
904,2021-05-16 00:00:00,2021-07-14 00:00:00,93.00,Pastry - Butterscotch Baked,Faydra,5,"",""
905,2021-06-25 00:00:00,2020-12-30 00:00:00,65.00,Shrimp - Black Tiger 13/15,Althea,4,"",""
906,2020-10-31 00:00:00,2021-07-09 00:00:00,63.00,"Soup - Knorr, Chicken Gumbo",Shannon,3,"",""
907,2020-09-27 00:00:00,2021-04-07 00:00:00,4.00,Versatainer Nc - 8288,Daffie,4,"",""
908,2021-05-22 00:00:00,2020-11-10 00:00:00,65.00,Pate Pans Yellow,Oswald,11,"",""
909,2021-04-22 00:00:00,2020-10-10 00:00:00,53.00,Cheese - Swiss Sliced,Ally,7,"",""
910,2020-09-17 00:00:00,2021-04-11 00:00:00,79.00,Container - Clear 32 Oz,Yehudit,4,"",""
911,2021-04-14 00:00:00,2021-02-05 00:00:00,97.00,"Lemonade - Mandarin, 591 Ml",Halley,8,"",""
912,2020-10-17 00:00:00,2021-07-31 00:00:00,52.00,Loquat,Gae,4,"",""
913,2021-04-17 00:00:00,2021-01-13 00:00:00,47.00,Chocolate - Sugar Free Semi Choc,Ewan,10,"",""
914,2020-11-07 00:00:00,2021-05-07 00:00:00,15.00,"Pepper - White, Whole",Rozalie,3,"",""
915,2021-04-11 00:00:00,2021-01-09 00:00:00,13.00,Star Fruit,Devinne,4,"",""
916,2021-01-24 00:00:00,2021-04-05 00:00:00,53.00,Irish Cream - Baileys,Ronnie,3,"",""
917,2021-01-23 00:00:00,2021-08-10 00:00:00,9.00,Cheese - Mascarpone,Helenka,2,"",""
918,2021-08-26 00:00:00,2021-04-20 00:00:00,49.00,Capon - Whole,Isabelita,9,"",""
919,2020-10-17 00:00:00,2020-12-07 00:00:00,41.00,"Jam - Raspberry,jar",Wylma,7,"",""
920,2021-01-23 00:00:00,2021-06-09 00:00:00,62.00,"Bread - Multigrain, Loaf",Adriane,8,"",""
921,2021-02-24 00:00:00,2021-05-21 00:00:00,21.00,Skewers - Bamboo,Rodger,7,"",""
922,2021-05-21 00:00:00,2021-03-04 00:00:00,46.00,Fondant - Icing,Malinde,8,"",""
923,2021-01-28 00:00:00,2020-12-23 00:00:00,57.00,Lime Cordial - Roses,Marten,11,"",""
924,2021-03-27 00:00:00,2021-01-04 00:00:00,66.00,Plums - Red,Adolf,8,"",""
925,2021-05-09 00:00:00,2021-07-26 00:00:00,20.00,Cleaner - Pine Sol,Graham,6,"",""
926,2021-05-28 00:00:00,2021-04-22 00:00:00,87.00,Chip - Potato Dill Pickle,Aldous,6,"",""
927,2021-02-07 00:00:00,2021-03-27 00:00:00,80.00,Muffins - Assorted,Sherline,2,"",""
928,2021-01-04 00:00:00,2021-04-14 00:00:00,36.00,"Soup - Campbells, Minestrone",Victoria,11,"",""
929,2021-07-20 00:00:00,2021-05-21 00:00:00,10.00,Brandy - Bar,Rikki,3,"",""
930,2021-07-01 00:00:00,2021-06-24 00:00:00,20.00,Bread - French Stick,Ringo,7,"",""
931,2021-05-01 00:00:00,2021-08-30 00:00:00,74.00,Onions Granulated,Mercy,11,"",""
932,2021-03-08 00:00:00,2020-10-25 00:00:00,47.00,Appetizer - Sausage Rolls,Idalina,3,"",""
933,2021-01-27 00:00:00,2021-03-12 00:00:00,20.00,Lamb Rack - Ontario,Christy,2,"",""
934,2021-06-02 00:00:00,2021-03-01 00:00:00,8.00,Wine - Lou Black Shiraz,Giovanni,11,"",""
935,2020-09-16 00:00:00,2020-09-19 00:00:00,71.00,Tomato Puree,Bradan,4,"",""
936,2020-09-27 00:00:00,2021-09-11 00:00:00,53.00,Water - Spring Water 500ml,Lowrance,10,"",""
937,2020-12-14 00:00:00,2021-06-26 00:00:00,98.00,Syrup - Pancake,Melvin,4,"",""
938,2021-07-14 00:00:00,2021-07-08 00:00:00,84.00,"Tray - Foam, Square 4 - S",Evey,10,"",""
939,2021-07-17 00:00:00,2021-04-14 00:00:00,86.00,Ham - Cooked Italian,Gardner,6,"",""
940,2020-12-28 00:00:00,2021-01-22 00:00:00,33.00,Wine - Remy Pannier Rose,Lesli,10,"",""
941,2021-04-09 00:00:00,2021-07-03 00:00:00,2.00,Miso - Soy Bean Paste,Joni,11,"",""
942,2020-10-09 00:00:00,2020-10-29 00:00:00,69.00,Water - Green Tea Refresher,Dannel,2,"",""
943,2020-11-06 00:00:00,2021-07-18 00:00:00,7.00,Pur Value,Frederico,11,"",""
944,2021-04-29 00:00:00,2020-12-14 00:00:00,95.00,Calypso - Pineapple Passion,Lyndy,5,"",""
945,2021-01-16 00:00:00,2020-09-23 00:00:00,38.00,Soap - Pine Sol Floor Cleaner,Keri,10,"",""
946,2021-04-22 00:00:00,2021-08-13 00:00:00,88.00,Paper Cocktail Umberlla 80 - 180,Minta,5,"",""
947,2020-12-25 00:00:00,2020-10-04 00:00:00,18.00,Salt And Pepper Mix - White,Kendrick,2,"",""
948,2020-09-19 00:00:00,2021-07-22 00:00:00,52.00,Frangelico,Leigh,8,"",""
949,2020-12-31 00:00:00,2020-11-22 00:00:00,30.00,Pastry - Key Limepoppy Seed Tea,Carlyn,11,"",""
950,2020-11-17 00:00:00,2021-06-12 00:00:00,67.00,Sage Ground Wiberg,Johnette,8,"",""
951,2020-10-29 00:00:00,2021-04-03 00:00:00,41.00,Milk - 1%,Calli,6,"",""
952,2020-11-03 00:00:00,2021-02-27 00:00:00,78.00,"Pasta - Rotini, Colour, Dry",Carree,4,"",""
953,2021-07-08 00:00:00,2020-11-04 00:00:00,21.00,"Pork - Loin, Center Cut",Deck,3,"",""
954,2021-07-03 00:00:00,2021-07-27 00:00:00,74.00,"Salmon - Atlantic, Skin On",Dionne,1,"",""
955,2021-08-23 00:00:00,2020-10-18 00:00:00,8.00,"Bread - Roll, Calabrese",Cullan,8,"",""
956,2020-12-08 00:00:00,2020-11-22 00:00:00,92.00,"Wine - White, Riesling, Semi - Dry",Bronson,4,"",""
957,2021-07-09 00:00:00,2021-06-25 00:00:00,56.00,"Liners - Banana, Paper",Carmita,7,"",""
958,2021-01-11 00:00:00,2020-10-01 00:00:00,7.00,Catfish - Fillets,Gaby,11,"",""
959,2021-08-17 00:00:00,2021-09-04 00:00:00,32.00,Coffee Decaf Colombian,Amelina,2,"",""
960,2021-02-02 00:00:00,2021-03-30 00:00:00,96.00,Mcguinness - Blue Curacao,Quintilla,8,"",""
961,2021-03-23 00:00:00,2021-07-07 00:00:00,7.00,Pastry - Chocolate Marble Tea,Vassily,1,"",""
962,2021-02-25 00:00:00,2021-03-18 00:00:00,92.00,"Pasta - Spaghetti, Dry",Kalli,3,"",""
963,2021-02-23 00:00:00,2021-05-14 00:00:00,62.00,"Veal - Tenderloin, Untrimmed",Augusta,10,"",""
964,2021-05-27 00:00:00,2020-11-23 00:00:00,4.00,Beef Wellington,Alexandre,8,"",""
965,2021-04-28 00:00:00,2021-05-21 00:00:00,57.00,Coffee - Almond Amaretto,Chevalier,10,"",""
966,2021-09-06 00:00:00,2021-07-04 00:00:00,52.00,Food Colouring - Green,Karine,5,"",""
967,2021-01-07 00:00:00,2020-09-30 00:00:00,46.00,Tuna - Fresh,Valentin,2,"",""
968,2021-05-28 00:00:00,2021-06-08 00:00:00,59.00,Mustard - Seed,Northrup,8,"",""
969,2020-12-11 00:00:00,2020-10-26 00:00:00,93.00,"Bread - Crumbs, Bulk",Gasper,10,"",""
970,2020-12-26 00:00:00,2020-11-27 00:00:00,67.00,Egg - Salad Premix,Kearney,6,"",""
971,2021-08-03 00:00:00,2020-12-21 00:00:00,78.00,Clams - Canned,Kristel,9,"",""
972,2021-05-21 00:00:00,2021-01-27 00:00:00,23.00,"Salt - Rock, Course",Viviana,5,"",""
973,2020-11-17 00:00:00,2020-11-10 00:00:00,12.00,Onions - Vidalia,Farly,9,"",""
974,2021-01-27 00:00:00,2021-01-07 00:00:00,39.00,Bread - White Epi Baguette,Gorden,7,"",""
975,2021-03-27 00:00:00,2021-01-02 00:00:00,64.00,Gooseberry,Shannan,8,"",""
976,2020-12-24 00:00:00,2021-08-17 00:00:00,70.00,Vinegar - Red Wine,Patrick,9,"",""
977,2021-06-02 00:00:00,2020-10-09 00:00:00,44.00,"Lid - Translucent, 3.5 And 6 Oz",Roseanna,8,"",""
978,2020-12-07 00:00:00,2020-10-28 00:00:00,13.00,Nantucket - 518ml,Guillema,3,"",""
979,2021-01-21 00:00:00,2021-01-25 00:00:00,53.00,Sour Puss Sour Apple,Holly-anne,11,"",""
980,2021-07-14 00:00:00,2021-07-01 00:00:00,19.00,"Coconut - Shredded, Unsweet",Archibaldo,4,"",""
981,2021-03-27 00:00:00,2021-06-21 00:00:00,81.00,"Olives - Black, Pitted",Garvin,6,"",""
982,2021-02-08 00:00:00,2021-01-15 00:00:00,71.00,Lamb - Shanks,Coleen,7,"",""
983,2020-11-24 00:00:00,2021-01-23 00:00:00,1.00,Table Cloth 62x114 Colour,Corbet,8,"",""
984,2021-06-20 00:00:00,2021-02-03 00:00:00,60.00,Cookie Dough - Chunky,Abbey,4,"",""
985,2020-10-12 00:00:00,2020-11-26 00:00:00,18.00,Juice - Ocean Spray Cranberry,Yankee,8,"",""
986,2020-10-28 00:00:00,2021-03-03 00:00:00,7.00,Wine - Rosso Toscano Igt,Lolita,6,"",""
987,2021-09-01 00:00:00,2021-01-21 00:00:00,79.00,"Crush - Orange, 355ml",Hedi,5,"",""
988,2020-11-22 00:00:00,2021-09-10 00:00:00,76.00,Lamb - Shoulder,Lind,6,"",""
989,2021-06-02 00:00:00,2021-05-05 00:00:00,93.00,"Trout - Rainbow, Frozen",Gertie,3,"",""
990,2021-05-24 00:00:00,2021-01-13 00:00:00,94.00,Wine - Fat Bastard Merlot,Jania,8,"",""
991,2021-06-30 00:00:00,2021-08-14 00:00:00,40.00,"Lemonade - Kiwi, 591 Ml",Kelcie,7,"",""
992,2021-04-19 00:00:00,2021-02-25 00:00:00,12.00,Barramundi,Waldemar,11,"",""
993,2021-07-23 00:00:00,2020-09-25 00:00:00,36.00,"Artichoke - Bottom, Canned",Antonina,10,"",""
994,2021-04-11 00:00:00,2020-12-22 00:00:00,65.00,Water - Spring 1.5lit,Gae,7,"",""
995,2021-04-12 00:00:00,2021-06-17 00:00:00,67.00,Lettuce - Curly Endive,Tawnya,3,"",""
996,2021-03-19 00:00:00,2021-06-27 00:00:00,22.00,Rice - 7 Grain Blend,Beale,7,"",""
997,2021-05-16 00:00:00,2021-05-22 00:00:00,65.00,Long Island Ice Tea,Chic,3,"",""
998,2020-12-17 00:00:00,2020-10-12 00:00:00,57.00,"Pork - Bacon, Double Smoked",Terrel,3,"",""
999,2021-07-06 00:00:00,2020-11-21 00:00:00,16.00,Flour - So Mix Cake White,Lauritz,4,"",""
1000,2020-09-23 00:00:00,2021-06-10 00:00:00,78.00,"Oil - Shortening,liqud, Fry",Pacorro,2,"",""
1001,2021-09-27 00:41:05,2021-09-27 00:43:04,100.00,test1,system,5,"",""
